date,area_code,cli,long_rate,short_rate,curve_spread,pmi,pmi_source,area
2018-01-01,BRA,102.3915,6.75,7.0,-0.25,,,브라질
2018-02-01,BRA,102.4833,6.75,6.81,-0.05999999999999961,,,브라질
2018-03-01,BRA,102.4566,6.75,6.67,0.08000000000000007,,,브라질
2018-04-01,BRA,102.3189,6.6,6.5,0.09999999999999964,,,브라질
2018-05-01,BRA,102.1071,6.6,6.5,0.09999999999999964,,,브라질
2018-06-01,BRA,101.8792,6.6,6.5,0.09999999999999964,,,브라질
2018-07-01,BRA,101.6957,6.56,6.5,0.05999999999999961,,,브라질
2018-08-01,BRA,101.5838,6.56,6.5,0.05999999999999961,,,브라질
2018-09-01,BRA,101.5576,6.56,6.5,0.05999999999999961,,,브라질
2018-10-01,BRA,101.6376,6.98,6.5,0.4800000000000004,,,브라질
2018-11-01,BRA,101.7967,6.98,6.5,0.4800000000000004,,,브라질
2018-12-01,BRA,101.9788,6.98,6.5,0.4800000000000004,,,브라질
2019-01-01,BRA,102.1364,7.03,6.5,0.5300000000000002,,,브라질
2019-02-01,BRA,102.2197,7.03,6.5,0.5300000000000002,,,브라질
2019-03-01,BRA,102.2308,7.03,6.5,0.5300000000000002,,,브라질
2019-04-01,BRA,102.2217,6.26,6.5,-0.2400000000000002,,,브라질
2019-05-01,BRA,102.2359,6.26,6.5,-0.2400000000000002,,,브라질
2019-06-01,BRA,102.3066,6.26,6.5,-0.2400000000000002,,,브라질
2019-07-01,BRA,102.4304,5.95,6.5,-0.5499999999999998,,,브라질
2019-08-01,BRA,102.5945,5.95,6.0,-0.04999999999999982,,,브라질
2019-09-01,BRA,102.7846,5.95,5.8,0.15000000000000036,,,브라질
2019-10-01,BRA,102.9602,5.57,5.48,0.08999999999999986,,,브라질
2019-11-01,BRA,103.0708,5.57,5.0,0.5700000000000003,,,브라질
2019-12-01,BRA,103.0368,5.57,4.68,0.8900000000000006,,,브라질
2020-01-01,BRA,102.8003,5.09,4.5,0.5899999999999999,,,브라질
2020-02-01,BRA,102.369,5.09,4.29,0.7999999999999998,,,브라질
2020-03-01,BRA,100.8682,5.09,4.04,1.0499999999999998,,,브라질
2020-04-01,BRA,93.1546,4.94,3.75,1.1900000000000004,,,브라질
2020-05-01,BRA,95.26189,4.94,3.15,1.7900000000000005,,,브라질
2020-06-01,BRA,100.5699,4.94,2.68,2.2600000000000002,,,브라질
2020-07-01,BRA,101.9782,4.91,2.25,2.66,,,브라질
2020-08-01,BRA,102.5123,4.91,2.04,2.87,,,브라질
2020-09-01,BRA,103.0629,4.91,2.0,2.91,,,브라질
2020-10-01,BRA,103.5375,4.55,2.0,2.55,,,브라질
2020-11-01,BRA,103.8832,4.55,2.0,2.55,,,브라질
2020-12-01,BRA,104.0725,4.55,2.0,2.55,,,브라질
2021-01-01,BRA,104.0869,4.39,2.0,2.3899999999999997,,,브라질
2021-02-01,BRA,103.9844,4.39,2.0,2.3899999999999997,,,브라질
2021-03-01,BRA,103.8695,4.39,2.34,2.05,,,브라질
2021-04-01,BRA,103.8203,4.61,2.75,1.8600000000000003,,,브라질
2021-05-01,BRA,103.8385,4.61,3.38,1.2300000000000004,,,브라질
2021-06-01,BRA,103.8592,4.61,3.85,0.7600000000000002,,,브라질
2021-07-01,BRA,103.7677,4.88,4.25,0.6299999999999999,,,브라질
2021-08-01,BRA,103.5062,4.88,5.12,-0.2400000000000002,,,브라질
2021-09-01,BRA,103.0868,4.88,5.52,-0.6399999999999997,,,브라질
2021-10-01,BRA,102.5693,5.32,6.44,-1.12,,,브라질
2021-11-01,BRA,102.0117,5.32,7.75,-2.4299999999999997,,,브라질
2021-12-01,BRA,101.4791,5.32,8.86,-3.539999999999999,,,브라질
2022-01-01,BRA,101.0242,6.08,9.25,-3.17,,,브라질
2022-02-01,BRA,100.6841,6.08,10.64,-4.5600000000000005,,,브라질
2022-03-01,BRA,100.4472,6.08,11.23,-5.15,,,브라질
2022-04-01,BRA,100.2794,6.82,11.75,-4.93,,,브라질
2022-05-01,BRA,100.1377,6.82,12.62,-5.799999999999999,,,브라질
2022-06-01,BRA,100.0126,6.82,13.0,-6.18,,,브라질
2022-07-01,BRA,99.90617,7.01,13.25,-6.24,,,브라질
2022-08-01,BRA,99.82257,7.01,13.7,-6.6899999999999995,,,브라질
2022-09-01,BRA,99.72182,7.01,13.75,-6.74,,,브라질
2022-10-01,BRA,99.57853,7.2,13.75,-6.55,,,브라질
2022-11-01,BRA,99.39456,7.2,13.75,-6.55,,,브라질
2022-12-01,BRA,99.21223,7.2,13.75,-6.55,,,브라질
2023-01-01,BRA,99.06925,7.37,13.75,-6.38,,,브라질
2023-02-01,BRA,98.99445,7.37,13.75,-6.38,,,브라질
2023-03-01,BRA,99.00362,7.37,13.75,-6.38,,,브라질
2023-04-01,BRA,99.09336,7.28,13.75,-6.47,,,브라질
2023-05-01,BRA,99.24418,7.28,13.75,-6.47,,,브라질
2023-06-01,BRA,99.42874,7.28,13.75,-6.47,,,브라질
2023-07-01,BRA,99.60444,7.0,13.75,-6.75,,,브라질
2023-08-01,BRA,99.76661,7.0,13.28,-6.279999999999999,,,브라질
2023-09-01,BRA,99.93434,7.0,13.08,-6.08,,,브라질
2023-10-01,BRA,100.1371,6.55,12.75,-6.2,,,브라질
2023-11-01,BRA,100.3869,6.55,12.27,-5.72,,,브라질
2023-12-01,BRA,100.6406,6.55,11.96,-5.410000000000001,,,브라질
2024-01-01,BRA,100.8574,6.53,11.75,-5.22,,,브라질
2024-02-01,BRA,101.0071,6.53,11.25,-4.72,,,브라질
2024-03-01,BRA,101.1075,6.53,11.07,-4.54,,,브라질
2024-04-01,BRA,101.1852,6.67,10.75,-4.08,,,브라질
2024-05-01,BRA,101.2628,6.67,10.56,-3.8900000000000006,,,브라질
2024-06-01,BRA,101.3442,6.67,10.5,-3.83,,,브라질
2024-07-01,BRA,101.4187,6.91,10.5,-3.59,,,브라질
2024-08-01,BRA,101.4431,6.91,10.5,-3.59,,,브라질
2024-09-01,BRA,101.3786,6.91,10.6,-3.6899999999999995,,,브라질
2024-10-01,BRA,101.2184,7.43,10.75,-3.3200000000000003,,,브라질
2024-11-01,BRA,100.9902,7.43,11.15,-3.7200000000000006,,,브라질
2024-12-01,BRA,100.7411,7.43,11.9,-4.470000000000001,,,브라질
2025-01-01,BRA,100.5166,7.97,12.31,-4.340000000000001,,,브라질
2025-02-01,BRA,100.357,7.97,13.25,-5.28,,,브라질
2025-03-01,BRA,100.2524,7.97,13.64,-5.670000000000001,,,브라질
2025-04-01,BRA,100.1763,8.65,14.25,-5.6,,,브라질
2025-05-01,BRA,100.107,8.65,14.63,-5.98,,,브라질
2025-06-01,BRA,100.0222,8.65,14.84,-6.1899999999999995,,,브라질
2025-07-01,BRA,99.96454,8.96,15.0,-6.039999999999999,,,브라질
2025-08-01,BRA,99.99933,8.96,15.0,-6.039999999999999,,,브라질
2025-09-01,BRA,100.1935,8.96,15.0,-6.039999999999999,,,브라질
2025-10-01,BRA,100.5788,9.07,15.0,-5.93,,,브라질
2025-11-01,BRA,101.1459,9.07,15.0,-5.93,,,브라질
2025-12-01,BRA,101.8262,9.07,15.0,-5.93,,,브라질
2026-01-01,BRA,102.5076,9.19,15.0,-5.8100000000000005,,,브라질
2026-02-01,BRA,103.0621,9.19,15.0,-5.8100000000000005,,,브라질
2026-03-01,BRA,103.3993,9.19,14.9,-5.710000000000001,,,브라질
2026-04-01,BRA,103.5153,9.13,14.75,-5.619999999999999,,,브라질
2026-05-01,BRA,103.4349,9.13,14.5,-5.369999999999999,,,브라질
2026-06-01,BRA,103.2271,9.13,14.39,-5.26,,,브라질
2026-07-01,BRA,102.942,9.14,14.25,-5.109999999999999,47.5,Trading Economics public headline table; underlying survey provider varies,브라질
2026-08-01,BRA,102.6276,9.14,14.06,-4.92,46.3,Trading Economics public headline table; underlying survey provider varies,브라질
2018-01-01,CHN,100.2759,3.91,4.85,-0.9399999999999995,,,중국
2018-02-01,CHN,100.1353,3.82,4.49,-0.6700000000000004,,,중국
2018-03-01,CHN,99.99881,3.74,4.8,-1.0599999999999996,,,중국
2018-04-01,CHN,99.85539,3.62,4.37,-0.75,,,중국
2018-05-01,CHN,99.68965,3.61,4.54,-0.9300000000000002,,,중국
2018-06-01,CHN,99.49026,3.48,4.63,-1.15,,,중국
2018-07-01,CHN,99.26197,3.48,3.93,-0.4500000000000002,,,중국
2018-08-01,CHN,99.02133,3.58,3.23,0.3500000000000001,,,중국
2018-09-01,CHN,98.78472,3.61,3.12,0.48999999999999977,,,중국
2018-10-01,CHN,98.55447,3.51,3.22,0.2899999999999996,,,중국
2018-11-01,CHN,98.34619,3.36,3.37,-0.010000000000000231,,,중국
2018-12-01,CHN,98.18289,3.23,3.87,-0.6400000000000001,,,중국
2019-01-01,CHN,98.09821,3.1037,3.24,-0.1363000000000003,,,중국
2019-02-01,CHN,98.10535,3.1731,2.91,0.26309999999999967,,,중국
2019-03-01,CHN,98.18616,3.0683,3.08,-0.011700000000000266,,,중국
2019-04-01,CHN,98.30573,3.3869,3.0,0.3868999999999998,,,중국
2019-05-01,CHN,98.43513,3.2751,3.15,0.1251000000000002,,,중국
2019-06-01,CHN,98.56641,3.2254,3.6,-0.37460000000000004,,,중국
2019-07-01,CHN,98.68015,3.1552,3.16,-0.0048000000000003595,,,중국
2019-08-01,CHN,98.7671,3.0573,3.11,-0.05269999999999975,,,중국
2019-09-01,CHN,98.83154,3.1411,3.3,-0.15890000000000004,,,중국
2019-10-01,CHN,98.88913,3.288,3.46,-0.17200000000000015,,,중국
2019-11-01,CHN,98.96763,3.165,3.33,-0.16500000000000004,,,중국
2019-12-01,CHN,99.07948,3.1365,3.49,-0.35350000000000037,,,중국
2020-01-01,CHN,95.03284,2.9932,3.67,-0.6768000000000001,,,중국
2020-02-01,CHN,87.10356,2.7376,2.98,-0.24239999999999995,,,중국
2020-03-01,CHN,85.58215,2.5899,2.55,0.03990000000000027,,,중국
2020-04-01,CHN,92.00968,2.538,2.32,0.21799999999999997,,,중국
2020-05-01,CHN,95.63435,2.7053,2.13,0.5752999999999999,,,중국
2020-06-01,CHN,98.96367,2.823,2.54,0.2829999999999999,,,중국
2020-07-01,CHN,99.92818,2.9664,2.76,0.20640000000000036,,,중국
2020-08-01,CHN,100.96,3.0177,2.97,0.047699999999999854,,,중국
2020-09-01,CHN,101.955,3.1482,2.99,0.1581999999999999,,,중국
2020-10-01,CHN,102.2795,3.181,3.18,0.0009999999999998899,,,중국
2020-11-01,CHN,102.4965,3.25,3.56,-0.31000000000000005,,,중국
2020-12-01,CHN,102.5902,3.1429,3.33,-0.18710000000000004,,,중국
2021-01-01,CHN,102.5697,3.1786,3.01,0.16860000000000008,,,중국
2021-02-01,CHN,102.4264,3.2798,3.25,0.029799999999999827,,,중국
2021-03-01,CHN,102.1834,3.1887,3.07,0.11870000000000003,,,중국
2021-04-01,CHN,101.867,3.164,2.82,0.3440000000000003,,,중국
2021-05-01,CHN,101.4987,3.045,2.84,0.20500000000000007,,,중국
2021-06-01,CHN,101.0963,3.0778,2.93,0.1477999999999997,,,중국
2021-07-01,CHN,100.6864,2.8363,2.82,0.016300000000000203,,,중국
2021-08-01,CHN,100.2991,2.845,2.86,-0.01499999999999968,,,중국
2021-09-01,CHN,99.9626,2.8776,2.77,0.10760000000000014,,,중국
2021-10-01,CHN,99.69056,2.9732,2.72,0.25319999999999965,,,중국
2021-11-01,CHN,99.46846,2.825,2.94,-0.11499999999999977,,,중국
2021-12-01,CHN,99.26083,2.7754,3.08,-0.3046000000000002,,,중국
2022-01-01,CHN,99.02723,2.6997,3.32,-0.6202999999999999,,,중국
2022-02-01,CHN,98.75631,2.775,3.2,-0.42500000000000027,,,중국
2022-03-01,CHN,98.47378,2.7878,3.17,-0.3822000000000001,,,중국
2022-04-01,CHN,98.21507,2.8386,2.99,-0.1514000000000002,,,중국
2022-05-01,CHN,98.00806,2.7426,2.81,-0.06740000000000013,,,중국
2022-06-01,CHN,97.87132,2.8205,2.76,0.06050000000000022,,,중국
2022-07-01,CHN,97.81039,2.756,2.79,-0.03400000000000025,,,중국
2022-08-01,CHN,97.84798,2.62,2.5,0.1200000000000001,,,중국
2022-09-01,CHN,97.9901,2.76,2.36,0.3999999999999999,,,중국
2022-10-01,CHN,98.23286,2.64,2.43,0.20999999999999996,,,중국
2022-11-01,CHN,98.58252,2.89,2.68,0.20999999999999996,,,중국
2022-12-01,CHN,99.03071,2.84,2.79,0.04999999999999982,,,중국
2023-01-01,CHN,99.53846,2.9,2.9,0.0,,,중국
2023-02-01,CHN,100.0521,2.9,2.94,-0.040000000000000036,,,중국
2023-03-01,CHN,100.5392,2.85,3.05,-0.19999999999999973,,,중국
2023-04-01,CHN,100.9792,2.78,2.89,-0.11000000000000032,,,중국
2023-05-01,CHN,101.3712,2.69,2.98,-0.29000000000000004,,,중국
2023-06-01,CHN,101.7185,2.64,2.81,-0.16999999999999993,,,중국
2023-07-01,CHN,101.9994,2.66,2.57,0.0900000000000003,,,중국
2023-08-01,CHN,102.1833,2.56,2.63,-0.06999999999999984,,,중국
2023-09-01,CHN,102.2493,2.68,2.64,0.040000000000000036,,,중국
2023-10-01,CHN,102.2011,2.69,2.73,-0.040000000000000036,,,중국
2023-11-01,CHN,102.0539,2.67,2.88,-0.20999999999999996,,,중국
2023-12-01,CHN,101.8348,2.56,3.02,-0.45999999999999996,,,중국
2024-01-01,CHN,101.5752,2.43,2.79,-0.3599999999999999,,,중국
2024-02-01,CHN,101.3046,2.34,2.69,-0.3500000000000001,,,중국
2024-03-01,CHN,101.0467,2.29,2.53,-0.23999999999999977,,,중국
2024-04-01,CHN,100.8198,2.3,2.49,-0.1900000000000004,,,중국
2024-05-01,CHN,100.6349,2.29,2.32,-0.029999999999999805,,,중국
2024-06-01,CHN,100.501,2.21,2.23,-0.020000000000000018,,,중국
2024-07-01,CHN,100.4373,2.15,2.21,-0.06000000000000005,,,중국
2024-08-01,CHN,100.4574,2.17,2.04,0.1299999999999999,,,중국
2024-09-01,CHN,100.566,2.15,2.06,0.08999999999999986,,,중국
2024-10-01,CHN,100.7373,2.15,2.1,0.04999999999999982,,,중국
2024-11-01,CHN,100.9119,2.02,2.04,-0.020000000000000018,,,중국
2024-12-01,CHN,101.049,1.68,2.0,-0.32000000000000006,,,중국
2025-01-01,CHN,101.1221,1.63,1.94,-0.31000000000000005,,,중국
2025-02-01,CHN,101.1245,1.72,1.99,-0.27,,,중국
2025-03-01,CHN,101.0552,1.81,2.14,-0.33000000000000007,,,중국
2025-04-01,CHN,100.9252,1.62,2.02,-0.3999999999999999,,,중국
2025-05-01,CHN,100.7597,1.67,1.83,-0.16000000000000014,,,중국
2025-06-01,CHN,100.5725,1.65,1.79,-0.14000000000000012,,,중국
2025-07-01,CHN,100.3664,1.7,1.78,-0.08000000000000007,,,중국
2025-08-01,CHN,100.1463,1.84,1.66,0.18000000000000016,,,중국
2025-09-01,CHN,99.91358,1.86,1.68,0.18000000000000016,,,중국
2025-10-01,CHN,99.67773,1.8,1.69,0.1100000000000001,,,중국
2025-11-01,CHN,99.45992,1.84,1.66,0.18000000000000016,,,중국
2025-12-01,CHN,99.26661,1.85,1.69,0.16000000000000014,,,중국
2026-01-01,CHN,99.10379,1.81,1.75,0.06000000000000005,,,중국
2026-02-01,CHN,98.96902,1.78,1.71,0.07000000000000006,,,중국
2026-03-01,CHN,98.84533,1.82,1.7,0.1200000000000001,,,중국
2026-04-01,CHN,98.71164,1.75,1.64,0.1100000000000001,,,중국
2026-05-01,CHN,98.56465,1.71,1.51,0.19999999999999996,,,중국
2026-06-01,CHN,98.40793,1.73,1.51,0.21999999999999997,,,중국
2026-07-01,CHN,98.24941,1.71,1.54,0.16999999999999993,50.9,Trading Economics public headline table; underlying survey provider varies,중국
2026-08-01,CHN,98.10458,,,,51.5,Trading Economics public headline table; underlying survey provider varies,중국
2018-01-01,EUR,101.2868,0.4745454,-0.3284545,0.8029999,,,유럽
2018-02-01,EUR,101.1937,0.659,-0.3285,0.9875,,,유럽
2018-03-01,EUR,101.0825,0.5295238,-0.3279048,0.8574286,,,유럽
2018-04-01,EUR,100.9618,0.48,-0.32845,0.80845,,,유럽
2018-05-01,EUR,100.8308,0.45,-0.3252273,0.7752273000000001,,,유럽
2018-06-01,EUR,100.6813,0.3271429,-0.3220476,0.6491905,,,유럽
2018-07-01,EUR,100.5091,0.2745455,-0.3207273,0.5952728,,,유럽
2018-08-01,EUR,100.3107,0.2908696,-0.319,0.6098696,,,유럽
2018-09-01,EUR,100.0914,0.3705,-0.31885,0.68935,,,유럽
2018-10-01,EUR,99.87028,0.3990909,-0.3176957,0.7167866,,,유럽
2018-11-01,EUR,99.66339,0.3140909,-0.3163636,0.6304545,,,유럽
2018-12-01,EUR,99.48167,0.1870588,-0.3118947,0.49895350000000005,,,유럽
2019-01-01,EUR,99.33972,0.1327273,-0.308,0.4407273,,,유럽
2019-02-01,EUR,99.24088,0.0555,-0.30845,0.36395,,,유럽
2019-03-01,EUR,99.17075,0.01095238,-0.3091905,0.32014287999999996,,,유럽
2019-04-01,EUR,99.11547,-0.0395,-0.31045,0.27095,,,유럽
2019-05-01,EUR,99.06453,-0.1345455,-0.3118636,0.1773181,,,유럽
2019-06-01,EUR,99.0108,-0.3152632,-0.3289,0.013636800000000004,,,유럽
2019-07-01,EUR,98.96973,-0.3882609,-0.3648696,-0.023391300000000004,,,유럽
2019-08-01,EUR,98.95211,-0.6490909,-0.4076818,-0.24140910000000004,,,유럽
2019-09-01,EUR,98.95872,-0.5947619,-0.4175714,-0.17719049999999997,,,유럽
2019-10-01,EUR,98.99623,-0.4695455,-0.4128696,-0.0566759,,,유럽
2019-11-01,EUR,99.06329,-0.352381,-0.4012857,0.04890470000000002,,,유럽
2019-12-01,EUR,99.14432,-0.2994444,-0.3947,0.0952556,,,유럽
2020-01-01,EUR,99.2301,-0.3136364,-0.3911364,0.07750000000000001,,,유럽
2020-02-01,EUR,99.31285,-0.466,-0.40885,-0.057150000000000034,,,유럽
2020-03-01,EUR,95.53466,-0.5413637,-0.4166364,-0.12472729999999999,,,유럽
2020-04-01,EUR,89.18449,-0.4495,-0.25405,-0.19545,,,유럽
2020-05-01,EUR,92.3289,-0.5165,-0.27195,-0.24454999999999993,,,유럽
2020-06-01,EUR,96.67812,-0.4342857,-0.376,-0.058285699999999996,,,유럽
2020-07-01,EUR,98.49596,-0.5230435,-0.4441304,-0.07891310000000001,,,유럽
2020-08-01,EUR,98.91208,-0.5233333,-0.4797143,-0.04361900000000002,,,유럽
2020-09-01,EUR,98.9118,-0.5240909,-0.4913636,-0.032727300000000015,,,유럽
2020-10-01,EUR,98.98753,-0.6072727,-0.5091364,-0.09813629999999995,,,유럽
2020-11-01,EUR,99.11698,-0.6147619,-0.5208571,-0.09390480000000001,,,유럽
2020-12-01,EUR,99.53796,-0.6185,-0.5380909,-0.08040910000000001,,,유럽
2021-01-01,EUR,99.6876,-0.5835,-0.54715,-0.03634999999999999,,,유럽
2021-02-01,EUR,100.146,-0.4455,-0.5411,0.09560000000000002,,,유럽
2021-03-01,EUR,100.8247,-0.3647826,-0.539087,0.17430439999999997,,,유럽
2021-04-01,EUR,101.3796,-0.325,-0.53815,0.21315,,,유럽
2021-05-01,EUR,101.8787,-0.2235,-0.5400952,0.31659519999999997,,,유럽
2021-06-01,EUR,102.2673,-0.2886364,-0.5429091,0.2542727,,,유럽
2021-07-01,EUR,102.4892,-0.4513636,-0.5448182,0.09345460000000005,,,유럽
2021-08-01,EUR,102.5681,-0.5386364,-0.5475909,0.008954499999999976,,,유럽
2021-09-01,EUR,102.533,-0.3627273,-0.5450455,0.18231819999999999,,,유럽
2021-10-01,EUR,102.4061,-0.2042857,-0.5498095,0.34552379999999994,,,유럽
2021-11-01,EUR,102.1961,-0.3136364,-0.5673636,0.2537272,,,유럽
2021-12-01,EUR,101.8951,-0.3842857,-0.5819565,0.19767079999999998,,,유럽
2022-01-01,EUR,101.4905,-0.1147619,-0.5601429,0.445381,,,유럽
2022-02-01,EUR,100.9927,0.15,-0.5315,0.6815,,,유럽
2022-03-01,EUR,100.4483,0.2817391,-0.4954348,0.7771739,,,유럽
2022-04-01,EUR,99.92489,0.7463158,-0.4478947,1.1942105,,,유럽
2022-05-01,EUR,99.44552,0.9527273,-0.3857273,1.3384546,,,유럽
2022-06-01,EUR,99.01348,1.445,-0.2392273,1.6842273,,,유럽
2022-07-01,EUR,98.64552,1.081905,0.036619,1.045286,,,유럽
2022-08-01,EUR,98.36316,1.034348,0.3947391,0.6396089,,,유럽
2022-09-01,EUR,98.17898,1.795455,1.010864,0.784591,,,유럽
2022-10-01,EUR,98.12153,2.186667,1.427667,0.7589999999999999,,,유럽
2022-11-01,EUR,98.18318,2.066364,1.825227,0.24113700000000016,,,유럽
2022-12-01,EUR,98.32336,2.085238,2.063476,0.021761999999999837,,,유럽
2023-01-01,EUR,98.49611,2.192727,2.344864,-0.15213699999999974,,,유럽
2023-02-01,EUR,98.66719,2.3705,2.64035,-0.26985000000000037,,,유럽
2023-03-01,EUR,98.80211,2.383478,2.910565,-0.5270869999999999,,,유럽
2023-04-01,EUR,98.89147,2.359444,3.179444,-0.8200000000000003,,,유럽
2023-05-01,EUR,98.92764,2.342273,3.371727,-1.0294539999999999,,,유럽
2023-06-01,EUR,98.92994,2.376364,3.535864,-1.1595,,,유럽
2023-07-01,EUR,98.92369,2.456667,3.671809,-1.2151420000000002,,,유럽
2023-08-01,EUR,98.93269,2.545652,3.780304,-1.234652,,,유럽
2023-09-01,EUR,98.96465,2.661429,3.880048,-1.218619,,,유럽
2023-10-01,EUR,99.0168,2.823182,3.967636,-1.144454,,,유럽
2023-11-01,EUR,99.08554,2.601364,3.971636,-1.3702720000000004,,,유럽
2023-12-01,EUR,99.1648,2.102105,3.934895,-1.8327900000000001,,,유럽
2024-01-01,EUR,99.24424,2.174546,3.925273,-1.750727,,,유럽
2024-02-01,EUR,99.32594,2.331905,3.923191,-1.5912860000000002,,,유럽
2024-03-01,EUR,99.41277,2.3495,3.9231,-1.5735999999999999,,,유럽
2024-04-01,EUR,99.49556,2.445714,3.885333,-1.439619,,,유럽
2024-05-01,EUR,99.56731,2.519546,3.812682,-1.293136,,,유럽
2024-06-01,EUR,99.6151,2.4845,3.7245,-1.2399999999999998,,,유럽
2024-07-01,EUR,99.63368,2.458261,3.684826,-1.2265650000000003,,,유럽
2024-08-01,EUR,99.62317,2.207727,3.547591,-1.339864,,,유럽
2024-09-01,EUR,99.59338,2.167143,3.433714,-1.2665710000000003,,,유럽
2024-10-01,EUR,99.56073,2.229565,3.166609,-0.9370439999999998,,,유럽
2024-11-01,EUR,99.54087,2.305714,3.006762,-0.7010480000000001,,,유럽
2024-12-01,EUR,99.54589,2.178889,2.8246,-0.6457110000000004,,,유럽
2025-01-01,EUR,99.58678,2.483636,2.704273,-0.22063699999999997,,,유럽
2025-02-01,EUR,99.66504,2.4055,2.52495,-0.11945000000000006,,,유럽
2025-03-01,EUR,99.76207,2.741429,2.442429,0.29899999999999993,,,유럽
2025-04-01,EUR,99.8809,2.5105,2.2494,0.2610999999999999,,,유럽
2025-05-01,EUR,100.0222,2.562857,2.087238,0.475619,,,유럽
2025-06-01,EUR,100.1694,2.519048,1.983619,0.5354290000000002,,,유럽
2025-07-01,EUR,100.3141,2.631304,1.986348,0.6449560000000001,,,유럽
2025-08-01,EUR,100.455,2.673333,2.021095,0.6522380000000001,,,유럽
2025-09-01,EUR,100.588,2.693182,2.027273,0.6659090000000001,,,유럽
2025-10-01,EUR,100.7008,2.617826,2.034435,0.5833909999999998,,,유럽
2025-11-01,EUR,100.7727,2.6575,2.04165,0.61585,,,유럽
2025-12-01,EUR,100.8013,2.81421,2.048429,0.765781,,,유럽
2026-01-01,EUR,100.7852,2.806667,2.027727,0.77894,,,유럽
2026-02-01,EUR,100.7283,2.745,2.0113,0.7337000000000002,,,유럽
2026-03-01,EUR,100.6478,2.91,2.109409,0.8005910000000003,,,유럽
2026-04-01,EUR,100.5796,3.001,2.1753,0.8256999999999999,,,유럽
2026-05-01,EUR,100.5634,3.0465,2.2261,0.8203999999999998,,,유럽
2026-06-01,EUR,100.6061,2.964091,2.339,0.6250909999999998,,,유럽
2026-07-01,EUR,100.6977,3.070435,2.425391,0.645044,51.9,Trading Economics public headline table; underlying survey provider varies,유럽
2026-08-01,EUR,100.8142,3.18,2.513143,0.6668570000000003,52.7,Trading Economics public headline table; underlying survey provider varies,유럽
2026-09-01,EUR,,,,,52.7,Trading Economics public headline table; underlying survey provider varies,유럽
2018-01-01,GBR,100.427,1.3931,0.5225,0.8706,,,영국
2018-02-01,GBR,100.301,1.6034,0.54683,1.0565699999999998,,,영국
2018-03-01,GBR,100.1952,1.508,0.62842,0.87958,,,영국
2018-04-01,GBR,100.1083,1.5108,0.75629,0.7545099999999999,,,영국
2018-05-01,GBR,100.0191,1.5016,0.64355,0.8580500000000001,,,영국
2018-06-01,GBR,99.87972,1.4229,0.63868,0.78422,,,영국
2018-07-01,GBR,99.67406,1.3739,0.74619,0.6277099999999999,,,영국
2018-08-01,GBR,99.39796,1.3991,0.80519,0.59391,,,영국
2018-09-01,GBR,99.05118,1.5023,0.80093,0.7013699999999999,,,영국
2018-10-01,GBR,98.68851,1.5462,0.80618,0.74002,,,영국
2018-11-01,GBR,98.35084,1.4541,0.87483,0.57927,,,영국
2018-12-01,GBR,98.07585,1.3125,0.90444,0.40806,,,영국
2019-01-01,GBR,97.89366,1.3221,0.91822,0.40388,,,영국
2019-02-01,GBR,97.80859,1.239,0.87598,0.3630200000000001,,,영국
2019-03-01,GBR,97.7889,1.19,0.84,0.35,,,영국
2019-04-01,GBR,97.80656,1.1906,0.82,0.37060000000000015,,,영국
2019-05-01,GBR,97.84045,1.13,0.8,0.32999999999999985,,,영국
2019-06-01,GBR,97.86692,0.919,0.78,0.139,,,영국
2019-07-01,GBR,97.88226,0.8304,0.77,0.06040000000000001,,,영국
2019-08-01,GBR,97.88332,0.5776,0.76,-0.1824,,,영국
2019-09-01,GBR,97.88437,0.5981,0.77,-0.17190000000000005,,,영국
2019-10-01,GBR,97.93341,0.6373,0.78,-0.14270000000000005,,,영국
2019-11-01,GBR,98.07613,0.765,0.79,-0.025000000000000022,,,영국
2019-12-01,GBR,98.31683,0.8308,0.79,0.04079999999999995,,,영국
2020-01-01,GBR,98.6524,0.7235,0.74,-0.01649999999999996,,,영국
2020-02-01,GBR,99.07539,0.633,0.75,-0.11699999999999999,,,영국
2020-03-01,GBR,95.80862,0.4609,0.53,-0.06910000000000005,,,영국
2020-04-01,GBR,86.99872,0.3577,0.65,-0.2923,,,영국
2020-05-01,GBR,89.52839,0.2743,0.33,-0.05570000000000003,,,영국
2020-06-01,GBR,94.90937,0.278,0.19,0.08800000000000002,,,영국
2020-07-01,GBR,99.31066,0.2094,0.1,0.1094,,,영국
2020-08-01,GBR,99.37765,0.2717,0.07,0.2017,,,영국
2020-09-01,GBR,98.47144,0.273,0.06,0.21300000000000002,,,영국
2020-10-01,GBR,97.95453,0.3058,0.05,0.2558,,,영국
2020-11-01,GBR,97.90022,0.3836,0.04,0.3436,,,영국
2020-12-01,GBR,99.01193,0.3224,0.03,0.2924,,,영국
2021-01-01,GBR,98.61559,0.3672,0.03,0.33720000000000006,,,영국
2021-02-01,GBR,99.39174,0.6222,0.05,0.5721999999999999,,,영국
2021-03-01,GBR,100.6189,0.8456,0.08,0.7656000000000001,,,영국
2021-04-01,GBR,101.3165,0.8515,0.09,0.7615000000000001,,,영국
2021-05-01,GBR,101.8275,0.9058,0.08,0.8258000000000001,,,영국
2021-06-01,GBR,102.1829,0.8549,0.08,0.7749,,,영국
2021-07-01,GBR,102.3373,0.6979,0.08,0.6179,,,영국
2021-08-01,GBR,102.3002,0.644,0.07,0.5740000000000001,,,영국
2021-09-01,GBR,102.1058,0.8023,0.07,0.7323,,,영국
2021-10-01,GBR,101.8057,1.083,0.16,0.9229999999999999,,,영국
2021-11-01,GBR,101.3981,0.9394,0.13,0.8094,,,영국
2021-12-01,GBR,100.8372,0.8375,0.16,0.6775,,,영국
2022-01-01,GBR,100.0948,1.2051,0.53,0.6751,,,영국
2022-02-01,GBR,99.20963,1.4891,0.81,0.6791,,,영국
2022-03-01,GBR,98.29942,1.5457,0.99,0.5557000000000001,,,영국
2022-04-01,GBR,97.48591,1.8362,1.13,0.7062000000000002,,,영국
2022-05-01,GBR,96.80369,1.9069,1.31,0.5969,,,영국
2022-06-01,GBR,96.25258,2.3824,1.57,0.8124,,,영국
2022-07-01,GBR,95.83208,2.1454,1.84,0.3053999999999999,,,영국
2022-08-01,GBR,95.52915,2.3278,2.23,0.09779999999999989,,,영국
2022-09-01,GBR,95.35579,3.5007,2.91,0.5907,,,영국
2022-10-01,GBR,95.35911,4.1096,3.39,0.7196000000000002,,,영국
2022-11-01,GBR,95.51733,3.4171,3.52,-0.10289999999999999,,,영국
2022-12-01,GBR,95.79515,3.5015,3.78,-0.27849999999999975,,,영국
2023-01-01,GBR,96.17076,3.5115,4.01,-0.49849999999999994,,,영국
2023-02-01,GBR,96.61781,3.5553,4.21,-0.6547000000000001,,,영국
2023-03-01,GBR,97.08905,3.5638,4.33,-0.7662,,,영국
2023-04-01,GBR,97.56557,3.6503,4.52,-0.8696999999999995,,,영국
2023-05-01,GBR,97.98085,3.9621,4.73,-0.7679000000000005,,,영국
2023-06-01,GBR,98.31278,4.3659,5.09,-0.7241,,,영국
2023-07-01,GBR,98.57446,4.4372,5.49,-1.0528000000000004,,,영국
2023-08-01,GBR,98.81049,4.5298,5.53,-1.0002000000000004,,,영국
2023-09-01,GBR,99.02386,4.4199,5.52,-1.1000999999999994,,,영국
2023-10-01,GBR,99.20039,4.5695,5.4,-0.8305000000000007,,,영국
2023-11-01,GBR,99.34143,4.2721,5.36,-1.0879000000000003,,,영국
2023-12-01,GBR,99.47891,3.8622,5.22,-1.3577999999999997,,,영국
2024-01-01,GBR,99.61578,3.9319,5.2,-1.2681,,,영국
2024-02-01,GBR,99.772,4.123,5.21,-1.0869999999999997,,,영국
2024-03-01,GBR,99.96976,4.033,5.2,-1.1669999999999998,,,영국
2024-04-01,GBR,100.2081,4.2172,5.18,-0.9627999999999997,,,영국
2024-05-01,GBR,100.4548,4.2229,5.16,-0.9371,,,영국
2024-06-01,GBR,100.655,4.1644,5.16,-0.9956000000000005,,,영국
2024-07-01,GBR,100.7625,4.1386,5.09,-0.9513999999999996,,,영국
2024-08-01,GBR,100.748,3.9444,4.91,-0.9656000000000002,,,영국
2024-09-01,GBR,100.6302,3.9053,4.84,-0.9346999999999999,,,영국
2024-10-01,GBR,100.4805,4.1993,4.75,-0.5507,,,영국
2024-11-01,GBR,100.3341,4.4164,4.68,-0.2635999999999994,,,영국
2024-12-01,GBR,100.213,4.4345,4.64,-0.2054999999999998,,,영국
2025-01-01,GBR,100.1517,4.6627,4.55,0.11270000000000024,,,영국
2025-02-01,GBR,100.1772,4.5063,4.44,0.06630000000000003,,,영국
2025-03-01,GBR,100.2634,4.6448,4.39,0.25480000000000036,,,영국
2025-04-01,GBR,100.4055,4.5762,4.26,0.31620000000000026,,,영국
2025-05-01,GBR,100.612,4.6004,4.19,0.4103999999999992,,,영국
2025-06-01,GBR,100.8135,4.5248,4.15,0.3747999999999996,,,영국
2025-07-01,GBR,100.9622,4.5924,4.05,0.5423999999999998,,,영국
2025-08-01,GBR,101.0451,4.6369,3.98,0.6568999999999998,,,영국
2025-09-01,GBR,101.0592,4.6885,3.97,0.7185000000000001,,,영국
2025-10-01,GBR,101.027,4.5721,3.93,0.6420999999999997,,,영국
2025-11-01,GBR,100.9704,4.4985,3.84,0.6585000000000001,,,영국
2025-12-01,GBR,100.9119,4.4826,3.75,0.7325999999999997,,,영국
2026-01-01,GBR,100.8371,4.451,3.71,0.7409999999999997,,,영국
2026-02-01,GBR,100.743,4.4324,3.62,0.8124000000000002,,,영국
2026-03-01,GBR,100.6444,4.7007,3.7289,0.9718000000000004,,,영국
2026-04-01,GBR,100.5849,4.8207,3.73,1.0907000000000004,,,영국
2026-05-01,GBR,100.6046,4.9416,3.7296,1.2120000000000002,,,영국
2026-06-01,GBR,100.7081,4.796,3.7298,1.0662000000000003,,,영국
2026-07-01,GBR,100.8881,4.9318,3.7308,1.201,51.9,Trading Economics public headline table; underlying survey provider varies,영국
2026-08-01,GBR,101.1102,4.9886,3.7313,1.2572999999999999,51.7,Trading Economics public headline table; underlying survey provider varies,영국
2026-09-01,GBR,,,,,52.0,Trading Economics public headline table; underlying survey provider varies,영국
2018-01-01,GLOBAL,100.8285,2.58,1.63,0.8029999,,,글로벌
2018-02-01,GLOBAL,100.8042,2.77,1.65,0.9875,,,글로벌
2018-03-01,GLOBAL,100.755,2.708,1.65,0.7599999999999998,,,글로벌
2018-04-01,GLOBAL,100.6804,2.655,1.65,0.6699999999999999,,,글로벌
2018-05-01,GLOBAL,100.5832,2.757,1.65,0.7752273000000001,,,글로벌
2018-06-01,GLOBAL,100.4628,2.656,1.65,0.6491905,,,글로벌
2018-07-01,GLOBAL,100.3209,2.549,1.65,0.5952728,,,글로벌
2018-08-01,GLOBAL,100.1624,2.458,1.65,0.59391,,,글로벌
2018-09-01,GLOBAL,99.99438,2.315,1.65,0.665,,,글로벌
2018-10-01,GLOBAL,99.82555,2.338,1.68,0.6580000000000001,,,글로벌
2018-11-01,GLOBAL,99.6701,2.209,1.71,0.4990000000000001,,,글로벌
2018-12-01,GLOBAL,99.53597,1.992,1.91,0.14000000000000012,,,글로벌
2019-01-01,GLOBAL,99.43512,1.991,1.87,0.121,,,글로벌
2019-02-01,GLOBAL,99.37231,1.988,1.87,0.26309999999999967,,,글로벌
2019-03-01,GLOBAL,99.33771,1.953,1.9,0.08999999999999986,,,글로벌
2019-04-01,GLOBAL,99.31504,1.889,1.86,0.05999999999999961,,,글로벌
2019-05-01,GLOBAL,99.29599,1.828,1.84,-0.01200000000000001,,,글로벌
2019-06-01,GLOBAL,99.28128,1.618,1.8,-0.21400000000000002,,,글로벌
2019-07-01,GLOBAL,99.27168,1.506,1.68,-0.16000000000000014,,,글로벌
2019-08-01,GLOBAL,99.27149,1.254,1.49,-0.236,,,글로벌
2019-09-01,GLOBAL,99.28767,1.42,1.54,-0.17190000000000005,,,글로벌
2019-10-01,GLOBAL,99.32154,1.577,1.46,-0.14270000000000005,,,글로벌
2019-11-01,GLOBAL,99.37045,1.75,1.52,0.040000000000000036,,,글로벌
2019-12-01,GLOBAL,99.42082,1.653,1.53,0.0952556,,,글로벌
2020-01-01,GLOBAL,98.41009,1.656,1.47,0.07750000000000001,,,글로벌
2020-02-01,GLOBAL,96.34776,1.5,1.42,-0.09000000000000008,,,글로벌
2020-03-01,GLOBAL,93.55788,0.87,1.23,-0.001,,,글로벌
2020-04-01,GLOBAL,89.43842,0.66,0.65,0.21799999999999997,,,글로벌
2020-05-01,GLOBAL,93.21635,0.67,0.33,0.3739999999999999,,,글로벌
2020-06-01,GLOBAL,96.78113,0.73,0.2,0.2829999999999999,,,글로벌
2020-07-01,GLOBAL,98.27249,0.62,0.18,0.20640000000000036,,,글로벌
2020-08-01,GLOBAL,99.09612,0.65,0.15,0.2017,,,글로벌
2020-09-01,GLOBAL,99.74853,0.68,0.13,0.21300000000000002,,,글로벌
2020-10-01,GLOBAL,100.1333,0.79,0.12,0.2558,,,글로벌
2020-11-01,GLOBAL,100.4087,0.87,0.16,0.3436,,,글로벌
2020-12-01,GLOBAL,100.6975,0.93,0.17,0.2924,,,글로벌
2021-01-01,GLOBAL,100.8734,1.08,0.14,0.33720000000000006,,,글로벌
2021-02-01,GLOBAL,101.0394,1.26,0.11,0.5721999999999999,,,글로벌
2021-03-01,GLOBAL,101.2307,1.61,0.1,0.7656000000000001,,,글로벌
2021-04-01,GLOBAL,101.3601,1.64,0.11,0.7615000000000001,,,글로벌
2021-05-01,GLOBAL,101.4078,1.62,0.1,0.8258000000000001,,,글로벌
2021-06-01,GLOBAL,101.4135,1.52,0.09,0.7600000000000002,,,글로벌
2021-07-01,GLOBAL,101.2772,1.32,0.1,0.6179,,,글로벌
2021-08-01,GLOBAL,101.1619,1.28,0.1,0.092,,,글로벌
2021-09-01,GLOBAL,101.0848,1.37,0.1,0.18231819999999999,,,글로벌
2021-10-01,GLOBAL,101.0058,1.58,0.16,0.34552379999999994,,,글로벌
2021-11-01,GLOBAL,100.8801,1.56,0.14,0.2537272,,,글로벌
2021-12-01,GLOBAL,100.7337,1.47,0.17,0.19767079999999998,,,글로벌
2022-01-01,GLOBAL,100.5517,1.76,0.53,0.445381,,,글로벌
2022-02-01,GLOBAL,100.332,1.93,0.81,0.6791,,,글로벌
2022-03-01,GLOBAL,100.0875,2.13,0.99,0.5557000000000001,,,글로벌
2022-04-01,GLOBAL,99.84039,2.75,1.13,0.7062000000000002,,,글로벌
2022-05-01,GLOBAL,99.59614,2.7426,1.33,0.5969,,,글로벌
2022-06-01,GLOBAL,99.3727,2.8205,1.87,0.8124,,,글로벌
2022-07-01,GLOBAL,99.18289,2.756,2.41,0.3053999999999999,,,글로벌
2022-08-01,GLOBAL,99.04778,2.62,2.5,0.14000000000000012,,,글로벌
2022-09-01,GLOBAL,98.96718,3.5007,2.91,0.3999999999999999,,,글로벌
2022-10-01,GLOBAL,98.94499,3.98,3.39,0.261,,,글로벌
2022-11-01,GLOBAL,98.97752,3.4171,3.52,-0.07500000000000018,,,글로벌
2022-12-01,GLOBAL,99.07309,3.5015,3.78,-0.27849999999999975,,,글로벌
2023-01-01,GLOBAL,99.19859,3.411,3.8,-0.3889999999999998,,,글로벌
2023-02-01,GLOBAL,99.33745,3.45,3.52,-0.26985000000000037,,,글로벌
2023-03-01,GLOBAL,99.48098,3.448,3.61,-0.5270869999999999,,,글로벌
2023-04-01,GLOBAL,99.61348,3.319,3.5,-0.8200000000000003,,,글로벌
2023-05-01,GLOBAL,99.74207,3.402,3.64,-0.7679000000000005,,,글로벌
2023-06-01,GLOBAL,99.85714,3.611,3.75,-0.7241,,,글로벌
2023-07-01,GLOBAL,99.94118,3.681,3.75,-1.0528000000000004,,,글로벌
2023-08-01,GLOBAL,99.99561,3.86,3.780304,-1.0002000000000004,,,글로벌
2023-09-01,GLOBAL,100.0108,3.949,3.880048,-1.1000999999999994,,,글로벌
2023-10-01,GLOBAL,100.0035,4.272,3.967636,-0.6600000000000001,,,글로벌
2023-11-01,GLOBAL,99.9892,3.89,3.971636,-0.9100000000000001,,,글로벌
2023-12-01,GLOBAL,99.97585,3.415,3.934895,-1.3000000000000007,,,글로벌
2024-01-01,GLOBAL,99.96214,3.353,3.925273,-1.2000000000000002,,,글로벌
2024-02-01,GLOBAL,99.94781,3.429,3.923191,-1.0099999999999998,,,글로벌
2024-03-01,GLOBAL,99.92944,3.39,3.9231,-1.08,,,글로벌
2024-04-01,GLOBAL,99.90353,3.567,3.885333,-0.79,,,글로벌
2024-05-01,GLOBAL,99.87428,3.527,3.812682,-0.8499999999999996,,,글로벌
2024-06-01,GLOBAL,99.8506,3.337,3.7245,-0.9700000000000006,,,글로벌
2024-07-01,GLOBAL,99.84743,3.171,3.684826,-0.9513999999999996,,,글로벌
2024-08-01,GLOBAL,99.87156,2.999,3.547591,-0.9656000000000002,,,글로벌
2024-09-01,GLOBAL,99.92485,3.011,3.52,-0.9346999999999999,,,글로벌
2024-10-01,GLOBAL,99.99547,3.07,3.43,-0.5200000000000005,,,글로벌
2024-11-01,GLOBAL,100.0632,3.006,3.42,-0.2635999999999994,,,글로벌
2024-12-01,GLOBAL,100.1095,2.771,3.35,-0.32000000000000006,,,글로벌
2025-01-01,GLOBAL,100.1239,2.821,3.04,-0.21899999999999986,,,글로벌
2025-02-01,GLOBAL,100.1087,2.83,2.95,-0.11945000000000006,,,글로벌
2025-03-01,GLOBAL,100.071,2.795,2.84,-0.009999999999999787,,,글로벌
2025-04-01,GLOBAL,100.0315,2.658,2.74,-0.040000000000000036,,,글로벌
2025-05-01,GLOBAL,100.0118,2.71,2.67,0.1299999999999999,,,글로벌
2025-06-01,GLOBAL,100.012,2.842,2.57,0.27200000000000024,,,글로벌
2025-07-01,GLOBAL,100.0247,2.84,2.51,0.33000000000000007,,,글로벌
2025-08-01,GLOBAL,100.048,2.815,2.51,0.30500000000000016,,,글로벌
2025-09-01,GLOBAL,100.0811,2.849,2.56,0.28900000000000015,,,글로벌
2025-10-01,GLOBAL,100.125,2.933,2.55,0.383,,,글로벌
2025-11-01,GLOBAL,100.1802,3.248,2.69,0.5580000000000003,,,글로벌
2025-12-01,GLOBAL,100.2409,3.366,2.84,0.5260000000000002,,,글로벌
2026-01-01,GLOBAL,100.2978,3.485,2.7,0.7409999999999997,,,글로벌
2026-02-01,GLOBAL,100.3338,3.612,2.78,0.7337000000000002,,,글로벌
2026-03-01,GLOBAL,100.3428,3.728,2.82,0.8005910000000003,,,글로벌
2026-04-01,GLOBAL,100.3338,3.737,2.82,0.8256999999999999,,,글로벌
2026-05-01,GLOBAL,100.3185,4.075,2.82,0.8203999999999998,,,글로벌
2026-06-01,GLOBAL,100.3073,4.181,2.91,0.6999999999999997,,,글로벌
2026-07-01,GLOBAL,100.3007,4.286,2.91,0.7799999999999998,51.65,Major-economy manufacturing PMI median (not proprietary Global PMI),글로벌
2026-08-01,GLOBAL,100.2968,4.483,3.35065,1.0586499999999999,51.6,Major-economy manufacturing PMI median (not proprietary Global PMI),글로벌
2026-09-01,GLOBAL,,,,,51.5,Major-economy manufacturing PMI median (not proprietary Global PMI),글로벌
2018-01-01,JPN,100.4287,0.08,0.068,0.011999999999999997,,,일본
2018-02-01,JPN,100.4245,0.045,0.068,-0.023000000000000007,,,일본
2018-03-01,JPN,100.4118,0.045,0.097,-0.052000000000000005,,,일본
2018-04-01,JPN,100.4085,0.05,0.097,-0.047,,,일본
2018-05-01,JPN,100.4081,0.03,0.078,-0.048,,,일본
2018-06-01,JPN,100.3985,0.03,0.078,-0.048,,,일본
2018-07-01,JPN,100.3857,0.06,0.091,-0.031,,,일본
2018-08-01,JPN,100.374,0.11,0.091,0.019000000000000003,,,일본
2018-09-01,JPN,100.3609,0.125,0.05,0.075,,,일본
2018-10-01,JPN,100.3329,0.13,0.05,0.08,,,일본
2018-11-01,JPN,100.2809,0.085,0.05,0.035,,,일본
2018-12-01,JPN,100.2058,-0.01,0.05,-0.060000000000000005,,,일본
2019-01-01,JPN,100.1233,0.0,0.03,-0.03,,,일본
2019-02-01,JPN,100.0459,-0.015,0.03,-0.045,,,일본
2019-03-01,JPN,99.97233,-0.095,0.05,-0.14500000000000002,,,일본
2019-04-01,JPN,99.89575,-0.045,0.05,-0.095,,,일본
2019-05-01,JPN,99.81606,-0.095,0.049,-0.14400000000000002,,,일본
2019-06-01,JPN,99.72894,-0.165,0.049,-0.21400000000000002,,,일본
2019-07-01,JPN,99.64087,-0.16,0.049,-0.20900000000000002,,,일본
2019-08-01,JPN,99.5475,-0.28,0.009,-0.28900000000000003,,,일본
2019-09-01,JPN,99.44555,-0.215,0.009,-0.224,,,일본
2019-10-01,JPN,99.32247,-0.15,0.009,-0.159,,,일본
2019-11-01,JPN,99.18014,-0.08,0.018,-0.098,,,일본
2019-12-01,JPN,99.00919,-0.025,0.021,-0.046,,,일본
2020-01-01,JPN,98.79475,-0.065,0.021,-0.08600000000000001,,,일본
2020-02-01,JPN,98.54284,-0.155,0.021,-0.176,,,일본
2020-03-01,JPN,97.96706,0.005,0.006,-0.001,,,일본
2020-04-01,JPN,97.49814,-0.04,-0.039,-0.0010000000000000009,,,일본
2020-05-01,JPN,97.06893,0.0,-0.042,0.042,,,일본
2020-06-01,JPN,97.27638,0.03,-0.042,0.07200000000000001,,,일본
2020-07-01,JPN,97.82195,0.01,-0.065,0.075,,,일본
2020-08-01,JPN,98.17799,0.045,-0.065,0.11,,,일본
2020-09-01,JPN,98.47389,0.015,-0.055,0.07,,,일본
2020-10-01,JPN,98.74228,0.04,-0.055,0.095,,,일본
2020-11-01,JPN,99.0211,0.03,-0.055,0.08499999999999999,,,일본
2020-12-01,JPN,99.29066,0.02,-0.055,0.075,,,일본
2021-01-01,JPN,99.55481,0.055,-0.055,0.11,,,일본
2021-02-01,JPN,99.80939,0.15,-0.055,0.205,,,일본
2021-03-01,JPN,100.0404,0.12,-0.065,0.185,,,일본
2021-04-01,JPN,100.235,0.09,-0.065,0.155,,,일본
2021-05-01,JPN,100.3755,0.08,-0.065,0.14500000000000002,,,일본
2021-06-01,JPN,100.4586,0.05,-0.072,0.122,,,일본
2021-07-01,JPN,100.4892,0.015,-0.072,0.087,,,일본
2021-08-01,JPN,100.4818,0.02,-0.072,0.092,,,일본
2021-09-01,JPN,100.4616,0.065,-0.072,0.137,,,일본
2021-10-01,JPN,100.4474,0.095,-0.072,0.16699999999999998,,,일본
2021-11-01,JPN,100.4509,0.05,-0.072,0.122,,,일본
2021-12-01,JPN,100.4596,0.07,-0.049,0.11900000000000001,,,일본
2022-01-01,JPN,100.46,0.17,-0.049,0.21900000000000003,,,일본
2022-02-01,JPN,100.4414,0.18,-0.049,0.22899999999999998,,,일본
2022-03-01,JPN,100.4088,0.21,-0.049,0.259,,,일본
2022-04-01,JPN,100.3675,0.215,-0.049,0.264,,,일본
2022-05-01,JPN,100.3183,0.235,-0.049,0.284,,,일본
2022-06-01,JPN,100.2661,0.225,0.005,0.22,,,일본
2022-07-01,JPN,100.2116,0.18,-0.031,0.211,,,일본
2022-08-01,JPN,100.1546,0.22,-0.02,0.24,,,일본
2022-09-01,JPN,100.0906,0.24,-0.016,0.256,,,일본
2022-10-01,JPN,100.0316,0.245,-0.016,0.261,,,일본
2022-11-01,JPN,99.97717,0.25,-0.016,0.266,,,일본
2022-12-01,JPN,99.93452,0.41,-0.015,0.425,,,일본
2023-01-01,JPN,99.90334,0.49,-0.006,0.496,,,일본
2023-02-01,JPN,99.88315,0.5,0.001,0.499,,,일본
2023-03-01,JPN,99.87232,0.32,-0.008,0.328,,,일본
2023-04-01,JPN,99.86185,0.385,-0.001,0.386,,,일본
2023-05-01,JPN,99.85731,0.43,-0.019,0.449,,,일본
2023-06-01,JPN,99.85345,0.395,-0.003,0.398,,,일본
2023-07-01,JPN,99.84948,0.595,-0.003,0.598,,,일본
2023-08-01,JPN,99.84732,0.64,-0.003,0.643,,,일본
2023-09-01,JPN,99.83795,0.765,0.024,0.741,,,일본
2023-10-01,JPN,99.8199,0.95,-0.012,0.962,,,일본
2023-11-01,JPN,99.79686,0.66,0.024,0.636,,,일본
2023-12-01,JPN,99.77754,0.62,0.052,0.568,,,일본
2024-01-01,JPN,99.7798,0.73,0.025,0.705,,,일본
2024-02-01,JPN,99.80964,0.71,0.027,0.6829999999999999,,,일본
2024-03-01,JPN,99.84293,0.725,0.109,0.616,,,일본
2024-04-01,JPN,99.8729,0.87,0.109,0.761,,,일본
2024-05-01,JPN,99.88425,1.07,0.129,0.9410000000000001,,,일본
2024-06-01,JPN,99.8682,1.05,0.149,0.901,,,일본
2024-07-01,JPN,99.8251,1.045,0.166,0.8789999999999999,,,일본
2024-08-01,JPN,99.76307,0.89,0.255,0.635,,,일본
2024-09-01,JPN,99.70246,0.855,0.256,0.599,,,일본
2024-10-01,JPN,99.64393,0.935,0.256,0.679,,,일본
2024-11-01,JPN,99.5893,1.05,0.362,0.6880000000000001,,,일본
2024-12-01,JPN,99.54012,1.09,0.386,0.7040000000000001,,,일본
2025-01-01,JPN,99.49424,1.245,0.76727,0.4777300000000001,,,일본
2025-02-01,JPN,99.44802,1.37,0.79182,0.5781800000000001,,,일본
2025-03-01,JPN,99.40855,1.485,0.82091,0.6640900000000001,,,일본
2025-04-01,JPN,99.38892,1.31,0.78364,0.52636,,,일본
2025-05-01,JPN,99.40737,1.5,0.77545,0.72455,,,일본
2025-06-01,JPN,99.45963,1.42,0.77273,0.6472699999999999,,,일본
2025-07-01,JPN,99.54311,1.545,0.77273,0.7722699999999999,,,일본
2025-08-01,JPN,99.64154,1.6,0.77273,0.8272700000000001,,,일본
2025-09-01,JPN,99.74667,1.645,0.81818,0.82682,,,일본
2025-10-01,JPN,99.8425,1.655,0.80909,0.84591,,,일본
2025-11-01,JPN,99.91978,1.805,0.80636,0.99864,,,일본
2025-12-01,JPN,99.98228,2.06,1.07273,0.9872700000000001,,,일본
2026-01-01,JPN,100.0381,2.24,1.11636,1.1236400000000002,,,일본
2026-02-01,JPN,100.0907,2.11,1.22909,0.8809099999999999,,,일본
2026-03-01,JPN,100.1324,2.345,1.26882,1.0761800000000001,,,일본
2026-04-01,JPN,100.1752,2.515,1.24182,1.2731800000000002,,,일본
2026-05-01,JPN,100.222,2.65,1.27409,1.37591,,,일본
2026-06-01,JPN,100.2669,2.67,1.412,1.258,,,일본
2026-07-01,JPN,100.2925,2.79,1.45845,1.33155,54.5,Trading Economics public headline table; underlying survey provider varies,일본
2026-08-01,JPN,100.3034,2.94,0.977,1.963,54.9,Trading Economics public headline table; underlying survey provider varies,일본
2026-09-01,JPN,,,,,54.1,Trading Economics public headline table; underlying survey provider varies,일본
2018-01-01,KOR,100.4995,2.626,1.66,0.966,,,한국
2018-02-01,KOR,100.3729,2.77,1.65,1.12,,,한국
2018-03-01,KOR,100.2668,2.708,1.65,1.0580000000000003,,,한국
2018-04-01,KOR,100.1768,2.655,1.65,1.005,,,한국
2018-05-01,KOR,100.0905,2.757,1.65,1.1070000000000002,,,한국
2018-06-01,KOR,99.99321,2.656,1.65,1.0060000000000002,,,한국
2018-07-01,KOR,99.89094,2.549,1.65,0.899,,,한국
2018-08-01,KOR,99.79268,2.458,1.65,0.8080000000000003,,,한국
2018-09-01,KOR,99.69596,2.315,1.65,0.665,,,한국
2018-10-01,KOR,99.60009,2.338,1.68,0.6580000000000001,,,한국
2018-11-01,KOR,99.52086,2.209,1.71,0.4990000000000001,,,한국
2018-12-01,KOR,99.472,1.992,1.91,0.08200000000000007,,,한국
2019-01-01,KOR,99.43953,1.991,1.87,0.121,,,한국
2019-02-01,KOR,99.41114,1.988,1.87,0.11799999999999988,,,한국
2019-03-01,KOR,99.36005,1.953,1.9,0.05300000000000016,,,한국
2019-04-01,KOR,99.27576,1.889,1.86,0.028999999999999915,,,한국
2019-05-01,KOR,99.18169,1.828,1.84,-0.01200000000000001,,,한국
2019-06-01,KOR,99.09557,1.618,1.8,-0.18199999999999994,,,한국
2019-07-01,KOR,99.01312,1.506,1.68,-0.17399999999999993,,,한국
2019-08-01,KOR,98.96012,1.254,1.49,-0.236,,,한국
2019-09-01,KOR,98.95116,1.42,1.54,-0.1200000000000001,,,한국
2019-10-01,KOR,98.99418,1.577,1.46,0.11699999999999999,,,한국
2019-11-01,KOR,99.07574,1.75,1.52,0.22999999999999998,,,한국
2019-12-01,KOR,99.16548,1.653,1.53,0.123,,,한국
2020-01-01,KOR,99.22089,1.656,1.47,0.18599999999999994,,,한국
2020-02-01,KOR,99.25285,1.54,1.42,0.1200000000000001,,,한국
2020-03-01,KOR,99.28116,1.485,1.23,0.2550000000000001,,,한국
2020-04-01,KOR,99.3399,1.504,1.1,0.4039999999999999,,,한국
2020-05-01,KOR,99.45856,1.394,1.02,0.3739999999999999,,,한국
2020-06-01,KOR,99.67153,1.392,0.79,0.6019999999999999,,,한국
2020-07-01,KOR,99.96716,1.36,0.79,0.5700000000000001,,,한국
2020-08-01,KOR,100.3214,1.373,0.68,0.693,,,한국
2020-09-01,KOR,100.7041,1.5,0.63,0.87,,,한국
2020-10-01,KOR,101.0863,1.507,0.63,0.8769999999999999,,,한국
2020-11-01,KOR,101.456,1.61,0.66,0.9500000000000001,,,한국
2020-12-01,KOR,101.8097,1.675,0.66,1.0150000000000001,,,한국
2021-01-01,KOR,102.15,1.731,0.68,1.0510000000000002,,,한국
2021-02-01,KOR,102.4542,1.845,0.73,1.115,,,한국
2021-03-01,KOR,102.6995,2.04,0.75,1.29,,,한국
2021-04-01,KOR,102.8562,2.041,0.74,1.301,,,한국
2021-05-01,KOR,102.8793,2.131,0.68,1.4509999999999996,,,한국
2021-06-01,KOR,102.7561,2.103,0.66,1.443,,,한국
2021-07-01,KOR,102.5136,1.976,0.69,1.286,,,한국
2021-08-01,KOR,102.1989,1.905,0.77,1.135,,,한국
2021-09-01,KOR,101.847,2.061,0.98,1.081,,,한국
2021-10-01,KOR,101.5023,2.399,1.08,1.319,,,한국
2021-11-01,KOR,101.2098,2.355,1.17,1.185,,,한국
2021-12-01,KOR,100.9794,2.187,1.27,0.9169999999999998,,,한국
2022-01-01,KOR,100.7894,2.492,1.39,1.102,,,한국
2022-02-01,KOR,100.6317,2.69,1.5,1.19,,,한국
2022-03-01,KOR,100.4912,2.784,1.5,1.2839999999999998,,,한국
2022-04-01,KOR,100.3395,3.219,1.64,1.579,,,한국
2022-05-01,KOR,100.1469,3.295,1.77,1.525,,,한국
2022-06-01,KOR,99.90514,3.64,1.99,1.6500000000000001,,,한국
2022-07-01,KOR,99.63197,3.3,2.41,0.8899999999999997,,,한국
2022-08-01,KOR,99.33768,3.322,2.79,0.532,,,한국
2022-09-01,KOR,99.00018,3.897,3.01,0.887,,,한국
2022-10-01,KOR,98.62319,4.267,3.69,0.5770000000000004,,,한국
2022-11-01,KOR,98.24632,3.915,3.99,-0.07500000000000018,,,한국
2022-12-01,KOR,97.93127,3.541,4.02,-0.47899999999999965,,,한국
2023-01-01,KOR,97.70928,3.411,3.8,-0.3889999999999998,,,한국
2023-02-01,KOR,97.60945,3.45,3.52,-0.06999999999999984,,,한국
2023-03-01,KOR,97.62552,3.448,3.61,-0.16199999999999992,,,한국
2023-04-01,KOR,97.72575,3.319,3.5,-0.18100000000000005,,,한국
2023-05-01,KOR,97.88698,3.402,3.64,-0.238,,,한국
2023-06-01,KOR,98.0691,3.611,3.75,-0.1389999999999998,,,한국
2023-07-01,KOR,98.22576,3.681,3.75,-0.06899999999999995,,,한국
2023-08-01,KOR,98.36804,3.86,3.7,0.1599999999999997,,,한국
2023-09-01,KOR,98.51115,3.949,3.76,0.18900000000000006,,,한국
2023-10-01,KOR,98.66666,4.272,3.82,0.4520000000000004,,,한국
2023-11-01,KOR,98.8429,3.89,3.83,0.06000000000000005,,,한국
2023-12-01,KOR,99.03266,3.415,3.83,-0.41500000000000004,,,한국
2024-01-01,KOR,99.21693,3.353,3.74,-0.387,,,한국
2024-02-01,KOR,99.38245,3.429,3.69,-0.2610000000000001,,,한국
2024-03-01,KOR,99.50999,3.39,3.65,-0.2599999999999998,,,한국
2024-04-01,KOR,99.58758,3.567,3.57,-0.0029999999999996696,,,한국
2024-05-01,KOR,99.60667,3.527,3.6,-0.07299999999999995,,,한국
2024-06-01,KOR,99.58306,3.337,3.6,-0.2629999999999999,,,한국
2024-07-01,KOR,99.52573,3.171,3.54,-0.3690000000000002,,,한국
2024-08-01,KOR,99.44301,2.999,3.5,-0.5009999999999999,,,한국
2024-09-01,KOR,99.34438,3.011,3.52,-0.5089999999999999,,,한국
2024-10-01,KOR,99.24655,3.07,3.43,-0.3600000000000003,,,한국
2024-11-01,KOR,99.17279,3.006,3.42,-0.41400000000000015,,,한국
2024-12-01,KOR,99.13811,2.771,3.35,-0.5790000000000002,,,한국
2025-01-01,KOR,99.13673,2.821,3.04,-0.21899999999999986,,,한국
2025-02-01,KOR,99.16148,2.83,2.95,-0.1200000000000001,,,한국
2025-03-01,KOR,99.19601,2.795,2.84,-0.04499999999999993,,,한국
2025-04-01,KOR,99.23434,2.658,2.74,-0.0820000000000003,,,한국
2025-05-01,KOR,99.29452,2.71,2.67,0.040000000000000036,,,한국
2025-06-01,KOR,99.37299,2.842,2.57,0.27200000000000024,,,한국
2025-07-01,KOR,99.45575,2.84,2.51,0.33000000000000007,,,한국
2025-08-01,KOR,99.55292,2.815,2.51,0.30500000000000016,,,한국
2025-09-01,KOR,99.68238,2.849,2.56,0.28900000000000015,,,한국
2025-10-01,KOR,99.87205,2.933,2.55,0.383,,,한국
2025-11-01,KOR,100.1177,3.248,2.69,0.5580000000000003,,,한국
2025-12-01,KOR,100.4135,3.366,2.84,0.5260000000000002,,,한국
2026-01-01,KOR,100.7704,3.485,2.7,0.7849999999999997,,,한국
2026-02-01,KOR,101.1755,3.612,2.78,0.8320000000000003,,,한국
2026-03-01,KOR,101.602,3.728,2.82,0.9080000000000004,,,한국
2026-04-01,KOR,102.0145,3.737,2.82,0.9170000000000003,,,한국
2026-05-01,KOR,102.3814,4.075,2.82,1.2550000000000003,,,한국
2026-06-01,KOR,102.6566,4.181,2.91,1.271,,,한국
2026-07-01,KOR,102.8088,4.286,2.91,1.3759999999999994,53.1,Trading Economics public headline table; underlying survey provider varies,한국
2026-08-01,KOR,102.8694,4.286,2.97,1.3159999999999994,52.3,Trading Economics public headline table; underlying survey provider varies,한국
1976-06-01,USA,,,,0.84,,,미국
1976-07-01,USA,,,,1.12,,,미국
1976-08-01,USA,,,,1.16,,,미국
1976-09-01,USA,,,,1.22,,,미국
1976-10-01,USA,,,,1.39,,,미국
1976-11-01,USA,,,,1.59,,,미국
1976-12-01,USA,,,,1.47,,,미국
1977-01-01,USA,,,,1.22,,,미국
1977-02-01,USA,,,,1.37,,,미국
1977-03-01,USA,,,,1.41,,,미국
1977-04-01,USA,,,,1.31,,,미국
1977-05-01,USA,,,,1.2,,,미국
1977-06-01,USA,,,,1.12,,,미국
1977-07-01,USA,,,,0.92,,,미국
1977-08-01,USA,,,,0.69,,,미국
1977-09-01,USA,,,,0.59,,,미국
1977-10-01,USA,,,,0.39,,,미국
1977-11-01,USA,,,,0.44,,,미국
1977-12-01,USA,,,,0.56,,,미국
1978-01-01,USA,,,,0.47,,,미국
1978-02-01,USA,,,,0.47,,,미국
1978-03-01,USA,,,,0.45,,,미국
1978-04-01,USA,,,,0.27,,,미국
1978-05-01,USA,,,,0.3,,,미국
1978-06-01,USA,,,,0.14,,,미국
1978-07-01,USA,,,,0.09,,,미국
1978-08-01,USA,,,,-0.07,,,미국
1978-09-01,USA,,,,-0.14,,,미국
1978-10-01,USA,,,,-0.53,,,미국
1978-11-01,USA,,,,-0.69,,,미국
1978-12-01,USA,,,,-0.83,,,미국
1979-01-01,USA,,,,-0.69,,,미국
1979-02-01,USA,,,,-0.72,,,미국
1979-03-01,USA,,,,-0.61,,,미국
1979-04-01,USA,,,,-0.56,,,미국
1979-05-01,USA,,,,-0.5,,,미국
1979-06-01,USA,,,,-0.16,,,미국
1979-07-01,USA,,,,-0.3,,,미국
1979-08-01,USA,,,,-0.6,,,미국
1979-09-01,USA,,,,-0.66,,,미국
1979-10-01,USA,,,,-1.34,,,미국
1979-11-01,USA,,,,-0.95,,,미국
1979-12-01,USA,,,,-0.9,,,미국
1980-01-01,USA,,,,-0.62,,,미국
1980-02-01,USA,,,,-2.01,,,미국
1980-03-01,USA,,,,-1.99,,,미국
1980-04-01,USA,,,,-0.05,,,미국
1980-05-01,USA,,,,1.0,,,미국
1980-06-01,USA,,,,1.12,,,미국
1980-07-01,USA,,,,1.04,,,미국
1980-08-01,USA,,,,0.19,,,미국
1980-09-01,USA,,,,-0.27,,,미국
1980-10-01,USA,,,,-0.62,,,미국
1980-11-01,USA,,,,-1.41,,,미국
1980-12-01,USA,,,,-0.63,,,미국
1981-01-01,USA,,,,-0.58,,,미국
1981-02-01,USA,,,,-0.65,,,미국
1981-03-01,USA,,,,-0.04,,,미국
1981-04-01,USA,,,,-0.73,,,미국
1981-05-01,USA,,,,-0.9,,,미국
1981-06-01,USA,,,,-0.8,,,미국
1981-07-01,USA,,,,-1.17,,,미국
1981-08-01,USA,,,,-1.32,,,미국
1981-09-01,USA,,,,-0.85,,,미국
1981-10-01,USA,,,,0.04,,,미국
1981-11-01,USA,,,,0.77,,,미국
1981-12-01,USA,,,,0.35,,,미국
1982-01-01,USA,,,,-0.1,,,미국
1982-02-01,USA,,,,-0.41,,,미국
1982-03-01,USA,,,,-0.34,,,미국
1982-04-01,USA,,,,-0.12,,,미국
1982-05-01,USA,,,,0.09,,,미국
1982-06-01,USA,,,,-0.22,,,미국
1982-07-01,USA,,,,0.51,,,미국
1982-08-01,USA,,,,0.82,,,미국
1982-09-01,USA,,,,0.5,,,미국
1982-10-01,USA,,,,0.86,,,미국
1982-11-01,USA,,,,0.83,,,미국
1982-12-01,USA,,,,0.88,,,미국
1983-01-01,USA,,,,1.22,,,미국
1983-02-01,USA,,,,0.96,,,미국
1983-03-01,USA,,,,0.75,,,미국
1983-04-01,USA,,,,0.92,,,미국
1983-05-01,USA,,,,0.79,,,미국
1983-06-01,USA,,,,0.73,,,미국
1983-07-01,USA,,,,0.73,,,미국
1983-08-01,USA,,,,0.8,,,미국
1983-09-01,USA,,,,0.91,,,미국
1983-10-01,USA,,,,1.13,,,미국
1983-11-01,USA,,,,0.96,,,미국
1983-12-01,USA,,,,0.97,,,미국
1984-01-01,USA,,,,1.09,,,미국
1984-02-01,USA,,,,1.05,,,미국
1984-03-01,USA,,,,0.93,,,미국
1984-04-01,USA,,,,0.93,,,미국
1984-05-01,USA,,,,0.91,,,미국
1984-06-01,USA,,,,0.67,,,미국
1984-07-01,USA,,,,0.34,,,미국
1984-08-01,USA,,,,0.25,,,미국
1984-09-01,USA,,,,0.4,,,미국
1984-10-01,USA,,,,0.7,,,미국
1984-11-01,USA,,,,1.08,,,미국
1984-12-01,USA,,,,1.53,,,미국
1985-01-01,USA,,,,1.27,,,미국
1985-02-01,USA,,,,1.25,,,미국
1985-03-01,USA,,,,1.22,,,미국
1985-04-01,USA,,,,1.5,,,미국
1985-05-01,USA,,,,1.36,,,미국
1985-06-01,USA,,,,1.58,,,미국
1985-07-01,USA,,,,1.56,,,미국
1985-08-01,USA,,,,1.32,,,미국
1985-09-01,USA,,,,1.43,,,미국
1985-10-01,USA,,,,1.31,,,미국
1985-11-01,USA,,,,1.13,,,미국
1985-12-01,USA,,,,1.02,,,미국
1986-01-01,USA,,,,1.09,,,미국
1986-02-01,USA,,,,0.42,,,미국
1986-03-01,USA,,,,0.47,,,미국
1986-04-01,USA,,,,0.55,,,미국
1986-05-01,USA,,,,0.69,,,미국
1986-06-01,USA,,,,0.54,,,미국
1986-07-01,USA,,,,0.77,,,미국
1986-08-01,USA,,,,1.01,,,미국
1986-09-01,USA,,,,1.07,,,미국
1986-10-01,USA,,,,1.08,,,미국
1986-11-01,USA,,,,0.94,,,미국
1986-12-01,USA,,,,0.88,,,미국
1987-01-01,USA,,,,0.85,,,미국
1987-02-01,USA,,,,0.84,,,미국
1987-03-01,USA,,,,0.97,,,미국
1987-04-01,USA,,,,0.83,,,미국
1987-05-01,USA,,,,0.8,,,미국
1987-06-01,USA,,,,0.9,,,미국
1987-07-01,USA,,,,1.03,,,미국
1987-08-01,USA,,,,1.03,,,미국
1987-09-01,USA,,,,1.03,,,미국
1987-10-01,USA,,,,1.3,,,미국
1987-11-01,USA,,,,1.26,,,미국
1987-12-01,USA,,,,1.06,,,미국
1988-01-01,USA,,,,1.04,,,미국
1988-02-01,USA,,,,1.03,,,미국
1988-03-01,USA,,,,1.16,,,미국
1988-04-01,USA,,,,1.14,,,미국
1988-05-01,USA,,,,0.99,,,미국
1988-06-01,USA,,,,0.8,,,미국
1988-07-01,USA,,,,0.73,,,미국
1988-08-01,USA,,,,0.54,,,미국
1988-09-01,USA,,,,0.44,,,미국
1988-10-01,USA,,,,0.4,,,미국
1988-11-01,USA,,,,0.22,,,미국
1988-12-01,USA,,,,0.0,,,미국
1989-01-01,USA,,,,-0.11,,,미국
1989-02-01,USA,,,,-0.23,,,미국
1989-03-01,USA,,,,-0.43,,,미국
1989-04-01,USA,,,,-0.2,,,미국
1989-05-01,USA,,,,-0.22,,,미국
1989-06-01,USA,,,,0.02,,,미국
1989-07-01,USA,,,,0.29,,,미국
1989-08-01,USA,,,,-0.16,,,미국
1989-09-01,USA,,,,-0.15,,,미국
1989-10-01,USA,,,,0.07,,,미국
1989-11-01,USA,,,,0.09,,,미국
1989-12-01,USA,,,,0.06,,,미국
1990-01-01,USA,,,,0.15,,,미국
1990-02-01,USA,,,,0.08,,,미국
1990-03-01,USA,,,,0.01,,,미국
1990-04-01,USA,,,,0.08,,,미국
1990-05-01,USA,,,,0.1,,,미국
1990-06-01,USA,,,,0.19,,,미국
1990-07-01,USA,,,,0.45,,,미국
1990-08-01,USA,,,,0.79,,,미국
1990-09-01,USA,,,,0.8,,,미국
1990-10-01,USA,,,,0.88,,,미국
1990-11-01,USA,,,,0.73,,,미국
1990-12-01,USA,,,,0.93,,,미국
1991-01-01,USA,,,,0.98,,,미국
1991-02-01,USA,,,,0.98,,,미국
1991-03-01,USA,,,,1.03,,,미국
1991-04-01,USA,,,,1.22,,,미국
1991-05-01,USA,,,,1.38,,,미국
1991-06-01,USA,,,,1.34,,,미국
1991-07-01,USA,,,,1.39,,,미국
1991-08-01,USA,,,,1.46,,,미국
1991-09-01,USA,,,,1.48,,,미국
1991-10-01,USA,,,,1.77,,,미국
1991-11-01,USA,,,,2.0,,,미국
1991-12-01,USA,,,,1.94,,,미국
1992-01-01,USA,,,,2.2,,,미국
1992-02-01,USA,,,,2.0,,,미국
1992-03-01,USA,,,,1.94,,,미국
1992-04-01,USA,,,,2.15,,,미국
1992-05-01,USA,,,,2.14,,,미국
1992-06-01,USA,,,,2.31,,,미국
1992-07-01,USA,,,,2.3,,,미국
1992-08-01,USA,,,,2.47,,,미국
1992-09-01,USA,,,,2.57,,,미국
1992-10-01,USA,,,,2.4,,,미국
1992-11-01,USA,,,,2.16,,,미국
1992-12-01,USA,,,,2.14,,,미국
1993-01-01,USA,,,,2.19,,,미국
1993-02-01,USA,,,,2.11,,,미국
1993-03-01,USA,,,,2.07,,,미국
1993-04-01,USA,,,,2.22,,,미국
1993-05-01,USA,,,,1.92,,,미국
1993-06-01,USA,,,,1.77,,,미국
1993-07-01,USA,,,,1.7,,,미국
1993-08-01,USA,,,,1.57,,,미국
1993-09-01,USA,,,,1.51,,,미국
1993-10-01,USA,,,,1.44,,,미국
1993-11-01,USA,,,,1.61,,,미국
1993-12-01,USA,,,,1.58,,,미국
1994-01-01,USA,,,,1.58,,,미국
1994-02-01,USA,,,,1.48,,,미국
1994-03-01,USA,,,,1.56,,,미국
1994-04-01,USA,,,,1.33,,,미국
1994-05-01,USA,,,,1.16,,,미국
1994-06-01,USA,,,,1.15,,,미국
1994-07-01,USA,,,,1.13,,,미국
1994-08-01,USA,,,,1.02,,,미국
1994-09-01,USA,,,,1.0,,,미국
1994-10-01,USA,,,,0.97,,,미국
1994-11-01,USA,,,,0.51,,,미국
1994-12-01,USA,,,,0.15,,,미국
1995-01-01,USA,,,,0.34,,,미국
1995-02-01,USA,,,,0.43,,,미국
1995-03-01,USA,,,,0.4,,,미국
1995-04-01,USA,,,,0.47,,,미국
1995-05-01,USA,,,,0.41,,,미국
1995-06-01,USA,,,,0.42,,,미국
1995-07-01,USA,,,,0.57,,,미국
1995-08-01,USA,,,,0.43,,,미국
1995-09-01,USA,,,,0.34,,,미국
1995-10-01,USA,,,,0.42,,,미국
1995-11-01,USA,,,,0.4,,,미국
1995-12-01,USA,,,,0.4,,,미국
1996-01-01,USA,,,,0.67,,,미국
1996-02-01,USA,,,,0.69,,,미국
1996-03-01,USA,,,,0.55,,,미국
1996-04-01,USA,,,,0.63,,,미국
1996-05-01,USA,,,,0.58,,,미국
1996-06-01,USA,,,,0.62,,,미국
1996-07-01,USA,,,,0.58,,,미국
1996-08-01,USA,,,,0.62,,,미국
1996-09-01,USA,,,,0.62,,,미국
1996-10-01,USA,,,,0.6,,,미국
1996-11-01,USA,,,,0.47,,,미국
1996-12-01,USA,,,,0.55,,,미국
1997-01-01,USA,,,,0.59,,,미국
1997-02-01,USA,,,,0.47,,,미국
1997-03-01,USA,,,,0.47,,,미국
1997-04-01,USA,,,,0.43,,,미국
1997-05-01,USA,,,,0.45,,,미국
1997-06-01,USA,,,,0.43,,,미국
1997-07-01,USA,,,,0.28,,,미국
1997-08-01,USA,,,,0.37,,,미국
1997-09-01,USA,,,,0.32,,,미국
1997-10-01,USA,,,,0.21,,,미국
1997-11-01,USA,,,,0.1,,,미국
1997-12-01,USA,,,,0.09,,,미국
1998-01-01,USA,,,,0.21,,,미국
1998-02-01,USA,,,,0.07,,,미국
1998-03-01,USA,,,,0.07,,,미국
1998-04-01,USA,,,,0.09,,,미국
1998-05-01,USA,,,,0.03,,,미국
1998-06-01,USA,,,,-0.05,,,미국
1998-07-01,USA,,,,0.01,,,미국
1998-08-01,USA,,,,0.14,,,미국
1998-09-01,USA,,,,0.14,,,미국
1998-10-01,USA,,,,0.52,,,미국
1998-11-01,USA,,,,0.2,,,미국
1998-12-01,USA,,,,0.11,,,미국
1999-01-01,USA,,,,0.08,,,미국
1999-02-01,USA,,,,0.16,,,미국
1999-03-01,USA,,,,0.26,,,미국
1999-04-01,USA,,,,0.28,,,미국
1999-05-01,USA,,,,0.22,,,미국
1999-06-01,USA,,,,0.28,,,미국
1999-07-01,USA,,,,0.29,,,미국
1999-08-01,USA,,,,0.25,,,미국
1999-09-01,USA,,,,0.27,,,미국
1999-10-01,USA,,,,0.23,,,미국
1999-11-01,USA,,,,0.17,,,미국
1999-12-01,USA,,,,0.21,,,미국
2000-01-01,USA,,,,0.07,,,미국
2000-02-01,USA,,,,-0.11,,,미국
2000-03-01,USA,,,,-0.47,,,미국
2000-04-01,USA,,,,-0.45,,,미국
2000-05-01,USA,,,,-0.4,,,미국
2000-06-01,USA,,,,-0.35,,,미국
2000-07-01,USA,,,,-0.26,,,미국
2000-08-01,USA,,,,-0.45,,,미국
2000-09-01,USA,,,,-0.18,,,미국
2000-10-01,USA,,,,-0.17,,,미국
2000-11-01,USA,,,,-0.13,,,미국
2000-12-01,USA,,,,0.01,,,미국
2001-01-01,USA,,,,0.57,,,미국
2001-02-01,USA,,,,0.51,,,미국
2001-03-01,USA,,,,0.75,,,미국
2001-04-01,USA,,,,1.05,,,미국
2001-05-01,USA,,,,1.21,,,미국
2001-06-01,USA,,,,1.17,,,미국
2001-07-01,USA,,,,1.28,,,미국
2001-08-01,USA,,,,1.21,,,미국
2001-09-01,USA,,,,1.74,,,미국
2001-10-01,USA,,,,1.86,,,미국
2001-11-01,USA,,,,1.94,,,미국
2001-12-01,USA,,,,2.0,,,미국
2002-01-01,USA,,,,1.91,,,미국
2002-02-01,USA,,,,1.82,,,미국
2002-03-01,USA,,,,1.7,,,미국
2002-04-01,USA,,,,1.87,,,미국
2002-05-01,USA,,,,1.86,,,미국
2002-06-01,USA,,,,1.96,,,미국
2002-07-01,USA,,,,2.28,,,미국
2002-08-01,USA,,,,2.0,,,미국
2002-09-01,USA,,,,1.91,,,미국
2002-10-01,USA,,,,2.25,,,미국
2002-11-01,USA,,,,2.14,,,미국
2002-12-01,USA,,,,2.22,,,미국
2003-01-01,USA,,,,2.28,,,미국
2003-02-01,USA,,,,2.18,,,미국
2003-03-01,USA,,,,2.32,,,미국
2003-04-01,USA,,,,2.38,,,미국
2003-05-01,USA,,,,2.04,,,미국
2003-06-01,USA,,,,2.22,,,미국
2003-07-01,USA,,,,2.69,,,미국
2003-08-01,USA,,,,2.5,,,미국
2003-09-01,USA,,,,2.46,,,미국
2003-10-01,USA,,,,2.48,,,미국
2003-11-01,USA,,,,2.28,,,미국
2003-12-01,USA,,,,2.43,,,미국
2004-01-01,USA,,,,2.32,,,미국
2004-02-01,USA,,,,2.33,,,미국
2004-03-01,USA,,,,2.26,,,미국
2004-04-01,USA,,,,2.22,,,미국
2004-05-01,USA,,,,2.12,,,미국
2004-06-01,USA,,,,1.92,,,미국
2004-07-01,USA,,,,1.82,,,미국
2004-08-01,USA,,,,1.72,,,미국
2004-09-01,USA,,,,1.51,,,미국
2004-10-01,USA,,,,1.49,,,미국
2004-11-01,USA,,,,1.34,,,미국
2004-12-01,USA,,,,1.16,,,미국
2005-01-01,USA,,,,0.85,,,미국
2005-02-01,USA,,,,0.77,,,미국
2005-03-01,USA,,,,0.7,,,미국
2005-04-01,USA,,,,0.55,,,미국
2005-05-01,USA,,,,0.4,,,미국
2005-06-01,USA,,,,0.28,,,미국
2005-07-01,USA,,,,0.26,,,미국
2005-08-01,USA,,,,0.18,,,미국
2005-09-01,USA,,,,0.16,,,미국
2005-10-01,USA,,,,0.17,,,미국
2005-11-01,USA,,,,0.07,,,미국
2005-12-01,USA,,,,-0.02,,,미국
2006-01-01,USA,,,,-0.01,,,미국
2006-02-01,USA,,,,-0.14,,,미국
2006-03-01,USA,,,,0.04,,,미국
2006-04-01,USA,,,,0.2,,,미국
2006-05-01,USA,,,,0.08,,,미국
2006-06-01,USA,,,,-0.01,,,미국
2006-07-01,USA,,,,0.02,,,미국
2006-08-01,USA,,,,-0.05,,,미국
2006-09-01,USA,,,,-0.07,,,미국
2006-10-01,USA,,,,-0.1,,,미국
2006-11-01,USA,,,,-0.16,,,미국
2006-12-01,USA,,,,-0.11,,,미국
2007-01-01,USA,,,,-0.11,,,미국
2007-02-01,USA,,,,-0.09,,,미국
2007-03-01,USA,,,,0.07,,,미국
2007-04-01,USA,,,,0.03,,,미국
2007-05-01,USA,,,,-0.02,,,미국
2007-06-01,USA,,,,0.16,,,미국
2007-07-01,USA,,,,0.22,,,미국
2007-08-01,USA,,,,0.39,,,미국
2007-09-01,USA,,,,0.62,,,미국
2007-10-01,USA,,,,0.54,,,미국
2007-11-01,USA,,,,0.93,,,미국
2007-12-01,USA,,,,0.99,,,미국
2008-01-01,USA,,,,1.5,,,미국
2008-02-01,USA,,,,1.88,,,미국
2008-03-01,USA,,,,1.83,,,미국
2008-04-01,USA,,,,1.48,,,미국
2008-05-01,USA,,,,1.4,,,미국
2008-06-01,USA,,,,1.36,,,미국
2008-07-01,USA,,,,1.47,,,미국
2008-08-01,USA,,,,1.47,,,미국
2008-09-01,USA,,,,1.85,,,미국
2008-10-01,USA,,,,2.45,,,미국
2008-11-01,USA,,,,1.93,,,미국
2008-12-01,USA,,,,1.49,,,미국
2009-01-01,USA,,,,1.93,,,미국
2009-02-01,USA,,,,2.02,,,미국
2009-03-01,USA,,,,1.9,,,미국
2009-04-01,USA,,,,2.25,,,미국
2009-05-01,USA,,,,2.55,,,미국
2009-06-01,USA,,,,2.42,,,미국
2009-07-01,USA,,,,2.39,,,미국
2009-08-01,USA,,,,2.43,,,미국
2009-09-01,USA,,,,2.36,,,미국
2009-10-01,USA,,,,2.51,,,미국
2009-11-01,USA,,,,2.54,,,미국
2009-12-01,USA,,,,2.71,,,미국
2010-01-01,USA,,,,2.81,,,미국
2010-02-01,USA,,,,2.8,,,미국
2010-03-01,USA,,,,2.82,,,미국
2010-04-01,USA,,,,2.72,,,미국
2010-05-01,USA,,,,2.55,,,미국
2010-06-01,USA,,,,2.36,,,미국
2010-07-01,USA,,,,2.39,,,미국
2010-08-01,USA,,,,2.0,,,미국
2010-09-01,USA,,,,2.11,,,미국
2010-10-01,USA,,,,2.29,,,미국
2010-11-01,USA,,,,2.36,,,미국
2010-12-01,USA,,,,2.69,,,미국
2011-01-01,USA,,,,2.84,,,미국
2011-02-01,USA,,,,2.73,,,미국
2011-03-01,USA,,,,2.67,,,미국
2011-04-01,USA,,,,2.71,,,미국
2011-05-01,USA,,,,2.6,,,미국
2011-06-01,USA,,,,2.73,,,미국
2011-07-01,USA,,,,2.46,,,미국
2011-08-01,USA,,,,2.03,,,미국
2011-09-01,USA,,,,1.67,,,미국
2011-10-01,USA,,,,1.92,,,미국
2011-11-01,USA,,,,1.83,,,미국
2011-12-01,USA,,,,1.64,,,미국
2012-01-01,USA,,,,1.61,,,미국
2012-02-01,USA,,,,1.68,,,미국
2012-03-01,USA,,,,1.9,,,미국
2012-04-01,USA,,,,1.68,,,미국
2012-05-01,USA,,,,1.32,,,미국
2012-06-01,USA,,,,1.34,,,미국
2012-07-01,USA,,,,1.28,,,미국
2012-08-01,USA,,,,1.35,,,미국
2012-09-01,USA,,,,1.42,,,미국
2012-10-01,USA,,,,1.42,,,미국
2012-11-01,USA,,,,1.37,,,미국
2012-12-01,USA,,,,1.53,,,미국
2013-01-01,USA,,,,1.75,,,미국
2013-02-01,USA,,,,1.64,,,미국
2013-03-01,USA,,,,1.62,,,미국
2013-04-01,USA,,,,1.48,,,미국
2013-05-01,USA,,,,1.86,,,미국
2013-06-01,USA,,,,2.16,,,미국
2013-07-01,USA,,,,2.29,,,미국
2013-08-01,USA,,,,2.39,,,미국
2013-09-01,USA,,,,2.31,,,미국
2013-10-01,USA,,,,2.26,,,미국
2013-11-01,USA,,,,2.47,,,미국
2013-12-01,USA,,,,2.66,,,미국
2014-01-01,USA,,,,2.33,,,미국
2014-02-01,USA,,,,2.33,,,미국
2014-03-01,USA,,,,2.29,,,미국
2014-04-01,USA,,,,2.25,,,미국
2014-05-01,USA,,,,2.11,,,미국
2014-06-01,USA,,,,2.06,,,미국
2014-07-01,USA,,,,2.05,,,미국
2014-08-01,USA,,,,1.87,,,미국
2014-09-01,USA,,,,1.94,,,미국
2014-10-01,USA,,,,1.85,,,미국
2014-11-01,USA,,,,1.71,,,미국
2014-12-01,USA,,,,1.5,,,미국
2015-01-01,USA,,,,1.21,,,미국
2015-02-01,USA,,,,1.37,,,미국
2015-03-01,USA,,,,1.38,,,미국
2015-04-01,USA,,,,1.47,,,미국
2015-05-01,USA,,,,1.51,,,미국
2015-06-01,USA,,,,1.71,,,미국
2015-07-01,USA,,,,1.53,,,미국
2015-08-01,USA,,,,1.47,,,미국
2015-09-01,USA,,,,1.42,,,미국
2015-10-01,USA,,,,1.41,,,미국
2015-11-01,USA,,,,1.27,,,미국
2015-12-01,USA,,,,1.21,,,미국
2016-01-01,USA,,,,1.18,,,미국
2016-02-01,USA,,,,0.96,,,미국
2016-03-01,USA,,,,1.05,,,미국
2016-04-01,USA,,,,1.06,,,미국
2016-05-01,USA,,,,0.97,,,미국
2016-06-01,USA,,,,0.91,,,미국
2016-07-01,USA,,,,0.79,,,미국
2016-08-01,USA,,,,0.78,,,미국
2016-09-01,USA,,,,0.83,,,미국
2016-10-01,USA,,,,0.98,,,미국
2016-11-01,USA,,,,1.26,,,미국
2016-12-01,USA,,,,1.25,,,미국
2017-01-01,USA,,,,1.26,,,미국
2017-02-01,USA,,,,1.14,,,미국
2017-03-01,USA,,,,1.13,,,미국
2017-04-01,USA,,,,1.01,,,미국
2017-05-01,USA,,,,0.93,,,미국
2017-06-01,USA,,,,0.93,,,미국
2017-07-01,USA,,,,0.96,,,미국
2017-08-01,USA,,,,0.79,,,미국
2017-09-01,USA,,,,0.86,,,미국
2017-10-01,USA,,,,0.78,,,미국
2017-11-01,USA,,,,0.64,,,미국
2017-12-01,USA,,,,0.51,,,미국
2018-01-01,USA,,,,0.58,,,미국
2018-02-01,USA,,,,0.62,,,미국
2018-03-01,USA,,,,0.47,,,미국
2018-04-01,USA,,,,0.46,,,미국
2018-05-01,USA,,,,0.43,,,미국
2018-06-01,USA,,,,0.33,,,미국
2018-07-01,USA,,,,0.29,,,미국
2018-08-01,USA,,,,0.24,,,미국
2018-09-01,USA,,,,0.24,,,미국
2018-10-01,USA,,,,0.28,,,미국
2018-11-01,USA,,,,0.21,,,미국
2018-12-01,USA,,,,0.21,,,미국
2019-01-01,USA,,,,0.18,,,미국
2019-02-01,USA,,,,0.21,,,미국
2019-03-01,USA,,,,0.14,,,미국
2019-04-01,USA,,,,0.24,,,미국
2019-05-01,USA,,,,0.19,,,미국
2019-06-01,USA,,,,0.25,,,미국
2019-07-01,USA,,,,0.13,,,미국
2019-08-01,USA,,,,0.0,,,미국
2019-09-01,USA,,,,0.05,,,미국
2019-10-01,USA,,,,0.17,,,미국
2019-11-01,USA,,,,0.17,,,미국
2019-12-01,USA,,,,0.34,,,미국
2020-01-01,USA,,,,0.18,,,미국
2020-02-01,USA,,,,0.27,,,미국
2020-03-01,USA,,,,0.47,,,미국
2020-04-01,USA,,,,0.44,,,미국
2020-05-01,USA,,,,0.49,,,미국
2020-06-01,USA,,,,0.5,,,미국
2020-07-01,USA,,,,0.44,,,미국
2020-08-01,USA,,,,0.58,,,미국
2020-09-01,USA,,,,0.56,,,미국
2020-10-01,USA,,,,0.74,,,미국
2020-11-01,USA,,,,0.68,,,미국
2020-12-01,USA,,,,0.8,,,미국
2021-01-01,USA,,,,1.0,,,미국
2021-02-01,USA,,,,1.3,,,미국
2021-03-01,USA,,,,1.58,,,미국
2021-04-01,USA,,,,1.49,,,미국
2021-05-01,USA,,,,1.44,,,미국
2021-06-01,USA,,,,1.2,,,미국
2021-07-01,USA,,,,1.05,,,미국
2021-08-01,USA,,,,1.1,,,미국
2021-09-01,USA,,,,1.24,,,미국
2021-10-01,USA,,,,1.07,,,미국
2021-11-01,USA,,,,0.91,,,미국
2021-12-01,USA,,,,0.79,,,미국
2022-01-01,USA,,,,0.61,,,미국
2022-02-01,USA,,,,0.39,,,미국
2022-03-01,USA,,,,0.04,,,미국
2022-04-01,USA,,,,0.19,,,미국
2022-05-01,USA,,,,0.32,,,미국
2022-06-01,USA,,,,0.06,,,미국
2022-07-01,USA,,,,-0.22,,,미국
2022-08-01,USA,,,,-0.3,,,미국
2022-09-01,USA,,,,-0.39,,,미국
2022-10-01,USA,,,,-0.41,,,미국
2022-11-01,USA,,,,-0.7,,,미국
2022-12-01,USA,,,,-0.53,,,미국
2023-01-01,USA,,,,-0.69,,,미국
2023-02-01,USA,,,,-0.89,,,미국
2023-03-01,USA,,,,-0.58,,,미국
2023-04-01,USA,,,,-0.6,,,미국
2023-05-01,USA,,,,-0.76,,,미국
2023-06-01,USA,,,,-1.06,,,미국
2023-07-01,USA,,,,-0.91,,,미국
2023-08-01,USA,,,,-0.76,,,미국
2023-09-01,USA,,,,-0.44,,,미국
2023-10-01,USA,,,,-0.19,,,미국
2023-11-01,USA,,,,-0.36,,,미국
2023-12-01,USA,,,,-0.35,,,미국
2024-01-01,USA,,,,-0.28,,,미국
2024-02-01,USA,,,,-0.39,,,미국
2024-03-01,USA,,,,-0.39,,,미국
2024-04-01,USA,,,,-0.35,,,미국
2024-05-01,USA,,,,-0.38,,,미국
2024-06-01,USA,,,,-0.35,,,미국
2024-07-01,USA,,,,-0.2,,,미국
2024-08-01,USA,,,,0.0,,,미국
2024-09-01,USA,,,,0.15,,,미국
2024-10-01,USA,,,,0.12,,,미국
2024-11-01,USA,,,,0.05,,,미국
2024-12-01,USA,,,,0.33,,,미국
2025-01-01,USA,,,,0.36,,,미국
2025-02-01,USA,,,,0.25,,,미국
2025-03-01,USA,,,,0.34,,,미국
2025-04-01,USA,,,,0.57,,,미국
2025-05-01,USA,,,,0.52,,,미국
2025-06-01,USA,,,,0.52,,,미국
2025-07-01,USA,,,,0.43,,,미국
2025-08-01,USA,,,,0.64,,,미국
2025-09-01,USA,,,,0.56,,,미국
2025-10-01,USA,,,,0.51,,,미국
2025-11-01,USA,,,,0.55,,,미국
2025-12-01,USA,,,,0.71,,,미국
2026-01-01,USA,,,,0.74,,,미국
2026-02-01,USA,,,,0.59,,,미국
2026-03-01,USA,,,,0.51,,,미국
2026-04-01,USA,,,,0.52,,,미국
2026-05-01,USA,,,,0.47,,,미국
2026-06-01,USA,,,,0.3,,,미국
2026-07-01,USA,,,,0.47,53.9,Trading Economics public headline table; underlying survey provider varies,미국
2026-08-01,USA,,,,0.41,53.9,Trading Economics public headline table; underlying survey provider varies,미국
2026-09-01,USA,,,,0.36,57.0,Trading Economics public headline table; underlying survey provider varies,미국
