as_of,universe,ticker,yahoo_ticker,name,Sector,sector_ko,location,exchange,isin,Weight (%),latest_shares,latest_shares_date,change_3m,baseline_date_3m,change_6m,baseline_date_6m,change_12m,baseline_date_12m
2026-09-18,US,GOOGL,GOOGL,ALPHABET CLASS A,Communication,커뮤니케이션,United States,NASDAQ,,3.1,12229934831.0,2026-07-24,0.010989074233280993,2026-02-06,0.009726828555748801,2025-11-17,0.004800995218705806,2025-07-24
2026-09-18,US,GOOG,GOOG,ALPHABET CLASS C,Communication,커뮤니케이션,United States,NASDAQ,,2.47,12229934831.0,2026-07-24,0.010989074233280993,2026-02-06,0.013096730150934155,2025-11-17,0.011566084840574753,2025-07-24
2026-09-18,US,META,META,META PLATFORMS CLASS A,Communication,커뮤니케이션,United States,NASDAQ,,2.28,2547506225.0,2026-07-31,0.0035781742886173973,2026-04-18,0.01070356382215798,2025-11-17,0.013194811946793505,2025-07-31
2026-09-18,US,NFLX,NFLX,NETFLIX,Communication,커뮤니케이션,United States,NASDAQ,,0.48,4163939676.0,2026-07-21,-0.013789729744559942,2026-04-20,-0.017318401050480547,2025-12-03,-0.02156406387532861,2025-07-19
2026-09-18,US,VZ,VZ,VERIZON COMMUNICATIONS INC,Communication,커뮤니케이션,United States,NYSE,,0.31,4154775202.0,2026-08-05,-0.004977467315866457,2026-05-05,-0.014755702632202938,2026-01-31,-0.014596804322252632,2025-08-05
2026-09-18,US,DIS,DIS,WALT DISNEY,Communication,커뮤니케이션,United States,NYSE,,0.28,1726686902.0,2026-08-07,-0.005657620136681585,2026-05-06,-0.0263338156847277,2026-02-03,-0.039625059170268595,2025-08-07
2026-09-18,US,T,T,AT&T,Communication,커뮤니케이션,United States,NYSE,,0.27,6852385650.0,2026-07-24,-0.018584527988001476,2026-04-23,-0.04167605100921079,2025-12-03,-0.04309653522666923,2025-07-24
2026-09-18,US,APP,APP,APPLOVIN CLASS A,Communication,커뮤니케이션,United States,NASDAQ,,0.13,335939521.0,2026-08-07,0.0,2026-05-08,-0.006830434828047238,2025-11-17,0.02597002467657794,2025-08-07
2026-09-18,US,CMCSA,CMCSA,COMCAST CLASS A,Communication,커뮤니케이션,United States,NASDAQ,,0.12,3548636573.0,2026-07-25,-0.006604276188814984,2026-04-24,-0.09959697451340788,2026-01-06,-0.10924622041405918,2025-07-25
2026-09-18,US,TMUS,TMUS,T MOBILE US INC,Communication,커뮤니케이션,United States,NASDAQ,,0.12,1072671613.0,2026-07-24,-0.026492524855221578,2026-04-23,-0.04686914311212398,2025-11-17,-0.05528941995211656,2025-07-23
2026-09-18,US,WBD,WBD,WARNER BROS. DISCOVERY SERIES A,Communication,커뮤니케이션,United States,NASDAQ,,0.11,2507136702.0,2026-05-08,0.011151507339732136,2026-01-09,0.012668539925110966,2025-11-05,,
2026-09-18,US,PSKY,PSKY,PARAMOUNT SKYDANCE CORP CLASS B,Communication,커뮤니케이션,United States,NASDAQ,,0.01,1121945779.0,2026-08-06,0.00247747297004719,2026-05-05,0.01702254863548025,2025-11-17,,
2026-09-18,US,AMZN,AMZN,AMAZON.COM INC,Consumer Discretionary,경기소비재,United States,NASDAQ,,3.74,10786313572.0,2026-08-05,0.002714868355086608,2026-05-05,0.008989300206947881,2025-11-17,0.011384447368088857,2025-08-05
2026-09-18,US,TSLA,TSLA,TESLA INC,Consumer Discretionary,경기소비재,United States,NASDAQ,,1.57,3949547394.0,2026-07-24,0.05160750088594579,2026-04-24,0.18754123290552305,2025-11-17,0.2262019379315483,2025-07-19
2026-09-18,US,HD,HD,HOME DEPOT,Consumer Discretionary,경기소비재,United States,NYSE,,0.46,997689626.0,2026-08-26,0.0016685962349050065,2026-04-09,0.0021879616989048944,2025-11-26,0.002775704372577792,2025-08-26
2026-09-18,US,MCD,MCD,MCDONALDS CORP,Consumer Discretionary,경기소비재,United States,NYSE,,0.27,707641531.0,2026-08-11,-0.004031392512415577,2026-05-09,-0.008356034121839606,2025-11-17,-0.0083553865552497,2025-08-09
2026-09-18,US,TJX,TJX,TJX,Consumer Discretionary,경기소비재,United States,NYSE,,0.21,1099974061.0,2026-09-01,-0.0042820367177195395,2026-06-01,-0.01164905974237207,2025-12-04,-0.014024405665711392,2025-08-31
2026-09-18,US,BKNG,BKNG,BOOKING HOLDINGS,Consumer Discretionary,경기소비재,United States,NASDAQ,,0.2,751380500.0,2026-08-06,-0.0303246740499048,2026-04-30,-0.07265270849764793,2025-11-17,-0.0726531090808673,2025-08-06
2026-09-18,US,SBUX,SBUX,STARBUCKS CORP,Consumer Discretionary,경기소비재,United States,NASDAQ,,0.17,1140000000.0,2026-07-31,0.00026322716504334487,2026-04-30,0.0006144123584657102,2026-01-29,0.002903112436966948,2025-07-31
2026-09-18,US,LOW,LOW,LOWES COMPANIES INC,Consumer Discretionary,경기소비재,United States,NYSE,,0.17,560707041.0,2026-08-29,0.0,2026-05-30,-0.0004357168467075123,2025-11-28,-0.0005222085561497058,2025-08-29
2026-09-18,US,GM,GM,GENERAL MOTORS,Consumer Discretionary,경기소비재,United States,NYSE,,0.12,904451541.0,2026-07-23,0.003099808805476334,2026-04-23,-0.05002349592646371,2025-11-17,-0.05926918255092284,2025-07-23
2026-09-18,US,ROST,ROST,ROSS STORES INC,Consumer Discretionary,경기소비재,United States,NASDAQ,,0.11,319453110.0,2026-09-03,-0.004139789094042445,2026-06-04,-0.01775119848407325,2025-12-11,-0.03567441072295707,2025-08-30
2026-09-18,US,DASH,DASH,DOORDASH CLASS A,Consumer Discretionary,경기소비재,United States,NASDAQ,,0.11,433295654.0,2026-08-29,-0.005561083051189186,2026-05-08,0.005329797896590938,2025-11-17,0.014280705265170113,2025-08-28
2026-09-18,US,NCLH,NCLH,NORWEGIAN CRUISE LINE HOLDINGS,Consumer Discretionary,경기소비재,United States,NYSE,,0.01,459187846.0,2026-08-05,0.00016925350418084406,2026-05-05,0.00863326160462119,2025-11-17,0.02769346877426515,2025-08-05
2026-09-18,US,WMT,WMT,WALMART INC,Consumer Staples,필수소비재,United States,NASDAQ,,0.71,7933746241.0,2026-09-01,-0.003057636588687629,2026-06-01,-0.0049047549492170495,2025-12-05,-0.005848546121449694,2025-08-30
2026-09-18,US,COST,COST,COSTCO WHOLESALE CORP,Consumer Staples,필수소비재,United States,NASDAQ,,0.6,443478804.0,2026-06-05,-0.0010786591117514233,2025-12-19,3.873931831543942e-06,2025-11-17,,
2026-09-18,US,PG,PG,PROCTER & GAMBLE,Consumer Staples,필수소비재,United States,NYSE,,0.52,2322672312.0,2026-09-01,-0.00254516387578696,2026-04-28,-0.006017475550867735,2026-01-24,-0.008409318594565618,2025-08-26
2026-09-18,US,KO,KO,COCA-COLA,Consumer Staples,필수소비재,United States,NYSE,,0.52,4302549243.0,2026-07-31,-0.00010475412502908288,2026-04-30,-0.00025978053937147916,2025-11-17,-0.0002603631464510592,2025-07-31
2026-09-18,US,PM,PM,PHILIP MORRIS INTERNATIONAL INC,Consumer Staples,필수소비재,United States,NYSE,,0.45,1558613439.0,2026-07-28,3.5027872152593176e-05,2026-04-28,0.0012685602239239646,2025-11-17,0.0012999486456919396,2025-07-26
2026-09-18,US,PEP,PEP,PEPSICO,Consumer Staples,필수소비재,United States,NASDAQ,,0.28,1364891558.0,2026-07-11,-0.0014992651858962702,2026-03-30,-0.003057275358738676,2025-11-17,-0.016216344919874448,2025-07-11
2026-09-18,US,MO,MO,ALTRIA GROUP INC,Consumer Staples,필수소비재,United States,NYSE,,0.18,1669743926.0,2026-07-31,-0.001288452935894524,2026-04-07,-0.006040289684183908,2025-11-17,-0.006039753620827426,2025-07-31
2026-09-18,US,MDLZ,MDLZ,MONDELEZ INTERNATIONAL INC CLASS A,Consumer Staples,필수소비재,United States,NASDAQ,,0.12,1276308057.0,2026-07-30,-0.005719401969649041,2026-04-30,-0.013630679344299845,2025-11-17,-0.01429689953622959,2025-07-30
2026-09-18,US,TGT,TGT,TARGET CORP,Consumer Staples,필수소비재,United States,NYSE,,0.11,454296736.0,2026-09-01,0.0002325540883767463,2026-06-01,-0.00022538114392467445,2025-11-27,-0.00021845262722386405,2025-08-30
2026-09-18,US,CL,CL,COLGATE-PALMOLIVE,Consumer Staples,필수소비재,United States,NYSE,,0.11,797172829.0,2026-08-05,-0.003769709195440285,2026-05-05,-0.013669514314599729,2025-11-17,-0.013669730320491347,2025-08-05
2026-09-18,US,MNST,MNST,MONSTER BEVERAGE,Consumer Staples,필수소비재,United States,NASDAQ,,0.1,1959051764.0,2026-08-11,0.0015519012413915956,2026-05-12,0.002563573808820996,2025-11-17,0.0031726352567478244,2025-08-10
2026-09-18,US,BF B,BF B,BROWN FORMAN CLASS B,Consumer Staples,필수소비재,United States,NYSE,,0.01,,,,,,,,
2026-09-18,US,XOM,XOM,EXXONMOBIL HOLDINGS CORP,Energy,에너지,United States,NYSE,,1.03,4111911960.0,2026-08-11,-0.007969993514720719,2026-05-05,-0.024958387838889706,2026-01-31,-0.040568580118016895,2025-08-08
2026-09-18,US,CVX,CVX,CHEVRON,Energy,에너지,United States,NYSE,,0.6,1961603274.0,2026-08-08,-0.015060500179360559,2026-05-09,-0.018881264443549428,2026-01-31,-0.035228026190320505,2025-08-08
2026-09-18,US,COP,COP,CONOCOPHILLIPS,Energy,에너지,United States,NYSE,,0.25,1218294007.0,2026-08-07,0.0,2026-05-05,-0.02453940724889092,2025-11-17,-0.03587754858789549,2025-08-07
2026-09-18,US,MPC,MPC,MARATHON PETROLEUM,Energy,에너지,United States,NYSE,,0.19,280824763.0,2026-08-06,-0.03806261588238147,2026-05-06,-0.06579359225512715,2026-02-04,-0.07623433223684206,2025-08-06
2026-09-18,US,VLO,VLO,VALERO ENERGY CORP,Energy,에너지,United States,NYSE,,0.19,287927461.0,2026-08-01,-0.03711635982055972,2026-03-24,-0.07315035040282813,2025-11-17,-0.07315111121125895,2025-08-01
2026-09-18,US,PSX,PSX,PHILLIPS 66,Energy,에너지,United States,NYSE,,0.17,399020916.0,2026-08-07,-0.004774100301839446,2026-05-01,-0.012628167724598294,2025-11-17,-0.012627520266056957,2025-08-07
2026-09-18,US,WMB,WMB,WILLIAMS,Energy,에너지,United States,NYSE,,0.13,1223167472.0,2026-08-06,0.00013835424369967875,2026-05-05,0.0015956230718796593,2025-11-17,0.0016274750224543055,2025-08-06
2026-09-18,US,SLB,SLB,SLB,Energy,에너지,United States,NYSE,,0.12,1484143231.0,2026-07-31,-0.007300340505061009,2026-05-01,-0.007482122935437263,2026-01-28,-0.005045878055646269,2025-07-31
2026-09-18,US,EOG,EOG,EOG RESOURCES,Energy,에너지,United States,NYSE,,0.12,524529176.0,2026-08-06,-0.015206384081603685,2026-05-06,-0.03931226892303774,2025-11-17,-0.038948952042478835,2025-08-06
2026-09-18,US,KMI,KMI,KINDER MORGAN,Energy,에너지,United States,NYSE,,0.09,2226802089.0,2026-07-30,0.0008883086658726391,2026-04-28,0.0009177163568612201,2025-11-17,0.0021250760548674474,2025-07-26
2026-09-18,US,TRGP,TRGP,TARGA RESOURCES,Energy,에너지,United States,NYSE,,0.09,214431021.0,2026-08-08,-0.000991791506884776,2026-05-09,-0.0035355939034346084,2025-11-17,-0.015034078381655824,2025-08-07
2026-09-18,US,APA,APA,APA,Energy,에너지,United States,NASDAQ,,0.02,350351510.0,2026-08-08,-0.008823139155083592,2026-05-09,-0.020780411869135595,2025-11-17,-0.0240905013927577,2025-08-08
2026-09-18,US,JPM,JPM,JPMORGAN CHASE & CO,Financials,금융,United States,NYSE,,1.42,2658186195.0,2026-08-08,-0.007958623671742826,2026-05-05,-0.023537813051354828,2026-01-14,-0.033298961893705514,2025-08-08
2026-09-18,US,BRK B,BRK B,BERKSHIRE HATHAWAY INC CLASS B,Financials,금융,United States,NYSE,,1.42,,,,,,,,
2026-09-18,US,V,V,VISA CLASS A,Financials,금융,United States,NYSE,,0.93,1877355259.0,2026-09-18,-0.012824304199125058,2026-05-01,-0.026288019174353083,2026-02-04,-0.03276071124593827,2025-09-17
2026-09-18,US,MA,MA,MASTERCARD CLASS A,Financials,금융,United States,NYSE,,0.69,876009940.0,2026-08-01,-0.008248634227538187,2026-05-02,-0.0195063692552071,2026-01-30,-0.03290841518750731,2025-08-01
2026-09-18,US,BAC,BAC,BANK OF AMERICA,Financials,금융,United States,NYSE,,0.58,6992748365.0,2026-08-05,-0.01463270056098942,2026-05-05,-0.04241662084956699,2026-01-15,-0.0559206595512477,2025-08-05
2026-09-18,US,GS,GS,GOLDMAN SACHS GROUP,Financials,금융,United States,NYSE,,0.43,291171408.0,2026-08-06,-0.013003106793032182,2026-05-05,-0.038152891447177706,2025-11-17,-0.038152570535973984,2025-08-05
2026-09-18,US,WFC,WFC,WELLS FARGO,Financials,금융,United States,NYSE,,0.4,3023999336.0,2026-07-30,-0.013164569304410678,2026-04-23,-0.036662028199685226,2026-01-17,-0.060977648182727995,2025-07-29
2026-09-18,US,MS,MS,MORGAN STANLEY,Financials,금융,United States,NYSE,,0.37,1570566292.0,2026-08-20,-0.004259550924213373,2026-05-06,-0.011793185793653738,2026-01-17,-0.016145480609804586,2025-08-19
2026-09-18,US,C,C,CITIGROUP,Financials,금융,United States,NYSE,,0.34,1677436783.0,2026-08-08,-0.01649891663785996,2026-05-09,-0.06250013525097908,2026-01-16,-0.08879525658180687,2025-08-08
2026-09-18,US,SCHW,SCHW,CHARLES SCHWAB,Financials,금융,United States,NYSE,,0.26,1729335714.0,2026-08-11,-0.005634864540776663,2026-05-12,-0.047313063495964425,2025-11-17,-0.048230994882521916,2025-08-09
2026-09-18,US,AXP,AXP,AMERICAN EXPRESS,Financials,금융,United States,NYSE,,0.25,675309833.0,2026-07-28,-0.01028336227033777,2026-04-24,-0.02956304123346576,2025-11-17,-0.0322730629257707,2025-07-28
2026-09-18,US,ERIE,ERIE,ERIE INDEMNITY CLASS A,Financials,금융,United States,NASDAQ,,0.01,52289868.0,2026-04-23,-1.9124163475048306e-08,2025-11-17,0.0,2025-10-23,,
2026-09-18,US,LLY,LLY,ELI LILLY,Health Care,헬스케어,United States,NYSE,,1.39,891741406.0,2026-08-07,0.0,2026-05-05,-0.005259989344338245,2025-11-17,-0.006677457515349761,2025-08-07
2026-09-18,US,JNJ,JNJ,JOHNSON & JOHNSON,Health Care,헬스케어,United States,NYSE,,0.99,2409898597.0,2026-07-25,0.0011139943064151225,2026-04-24,0.00025048612745659504,2025-11-17,0.00159121761816583,2025-07-25
2026-09-18,US,ABBV,ABBV,ABBVIE,Health Care,헬스케어,United States,NYSE,,0.71,1767117285.0,2026-08-05,-0.0009300808414922646,2026-03-27,-0.00015126701633561002,2025-11-17,0.00040607167119555143,2025-08-05
2026-09-18,US,MRK,MRK,MERCK & CO INC,Health Care,헬스케어,United States,NYSE,,0.55,2467171638.0,2026-08-11,-0.0010740751382523062,2026-05-06,-0.012255496735238736,2025-11-17,-0.012254213898796107,2025-08-09
2026-09-18,US,UNH,UNH,UNITEDHEALTH GROUP INC,Health Care,헬스케어,United States,NYSE,,0.52,897594847.0,2026-08-12,-0.011616607395843137,2026-05-06,-0.009100708247568479,2025-11-17,-0.01499156439024818,2025-08-08
2026-09-18,US,TMO,TMO,THERMO FISHER SCIENTIFIC INC,Health Care,헬스케어,United States,NYSE,,0.37,369747286.0,2026-08-05,-0.005043247434590503,2026-05-05,-0.015865438223139128,2025-11-17,-0.02082750018537549,2025-08-04
2026-09-18,US,AMGN,AMGN,AMGEN INC,Health Care,헬스케어,United States,NASDAQ,,0.31,540632005.0,2026-08-22,0.0017115375926217702,2026-05-23,0.0029019176488369602,2026-02-19,0.004216532867224121,2025-08-21
2026-09-18,US,GILD,GILD,GILEAD SCIENCES,Health Care,헬스케어,United States,NASDAQ,,0.28,1239955155.0,2026-08-08,-0.001300546214767495,2026-05-09,-0.0006864581332761688,2025-11-17,-0.0031953800062110016,2025-08-08
2026-09-18,US,ABT,ABT,ABBOTT LABORATORIES,Health Care,헬스케어,United States,NYSE,,0.27,1730383296.0,2026-07-30,-0.00420076128654423,2026-03-20,-0.00578911535345128,2025-11-17,-0.005435387162037841,2025-07-22
2026-09-18,US,PFE,PFE,PFIZER,Health Care,헬스케어,United States,NYSE,,0.24,5699673589.0,2026-08-06,4.0253048051219764e-05,2026-05-06,0.002456341074926982,2025-11-17,0.002484105988210805,2025-08-06
2026-09-18,US,ISRG,ISRG,INTUITIVE SURGICAL,Health Care,헬스케어,United States,NASDAQ,,0.21,358278038.0,2026-07-23,0.00875172085347864,2026-03-20,-0.0005536457651323934,2025-11-17,-0.00039045473789622864,2025-07-23
2026-09-18,US,DVA,DVA,DAVITA INC,Health Care,헬스케어,United States,NYSE,,0.01,63800000.0,2026-08-06,-0.005998286203941716,2026-05-06,-0.04561025594997681,2026-02-04,-0.16719419736421925,2025-08-02
2026-09-18,US,CAT,CAT,CATERPILLAR INC,Industrials,산업재,United States,NYSE,,0.56,459674889.0,2026-08-07,-0.0019911201971571924,2026-05-05,-0.018792807035205694,2025-11-28,-0.022623388195173177,2025-08-07
2026-09-18,US,GE,GE,GE AEROSPACE,Industrials,산업재,United States,NYSE,,0.5,1037562513.0,2026-07-18,-0.016354920825461083,2026-03-19,-0.021573014243387423,2025-11-17,-0.021573579834785583,2025-07-18
2026-09-18,US,RTX,RTX,RTX,Industrials,산업재,United States,NYSE,,0.4,1347758144.0,2026-07-25,0.0007980465027301875,2026-04-23,0.00521058189029433,2025-11-17,0.00688669130517261,2025-07-25
2026-09-18,US,GEV,GEV,GE VERNOVA,Industrials,산업재,United States,NYSE,,0.38,266333581.0,2026-07-23,-0.008880671495993475,2026-04-23,-0.02163791692971606,2025-11-17,-0.024186809337408244,2025-07-23
2026-09-18,US,DE,DE,DEERE,Industrials,산업재,United States,NYSE,,0.26,269625412.0,2026-08-29,-0.0011558715876466286,2026-05-30,-0.0053455645016912134,2026-01-16,-0.004436765774852081,2025-08-28
2026-09-18,US,UNP,UNP,UNION PACIFIC,Industrials,산업재,United States,NYSE,,0.25,594075498.0,2026-07-25,0.0006102020168448075,2026-04-24,0.001541923982111948,2025-11-17,-0.005691392092945224,2025-07-23
2026-09-18,US,ETN,ETN,EATON PLC,Industrials,산업재,United States,NYSE,,0.24,388400000.0,2026-08-06,0.00025753283543661354,2026-05-06,-0.002311841767274614,2025-11-17,-0.007411193457705134,2025-07-09
2026-09-18,US,BA,BA,BOEING,Industrials,산업재,United States,NYSE,,0.24,790370020.0,2026-07-30,0.002622964462602795,2026-04-24,0.009320688168228841,2025-12-11,0.04524451672281149,2025-07-30
2026-09-18,US,UBER,UBER,UBER TECHNOLOGIES,Industrials,산업재,United States,NYSE,,0.22,2042560121.0,2026-08-07,0.0034196852894623486,2026-05-08,-0.020551535043412117,2025-11-17,-0.023245324810620138,2025-08-07
2026-09-18,US,PH,PH,PARKER-HANNIFIN,Industrials,산업재,United States,NYSE,,0.18,126047469.0,2026-08-25,-0.0003086772514359071,2026-05-05,-0.0013394442181182686,2026-01-31,-0.005008848928813925,2025-08-25
2026-09-18,US,LMT,LMT,LOCKHEED MARTIN CORP,Industrials,산업재,United States,NYSE,,0.17,230790753.0,2026-07-25,0.0009851728205085841,2026-04-24,-0.011454832024198058,2025-11-17,-0.01145456103328757,2025-07-25
2026-09-18,US,BLDR,BLDR,BUILDERS FIRSTSOURCE INC,Industrials,산업재,United States,NYSE,,0.01,107596457.0,2026-08-01,0.0007297103740768751,2026-05-01,-0.026985967816537282,2025-11-17,-0.026602341297484067,2025-08-01
2026-09-18,US,NVDA,NVDA,NVIDIA,Information Technology,기술,United States,NASDAQ,,8.07,24147000000.0,2026-08-28,-0.0030552000330291706,2026-05-21,-0.008214564422721504,2025-12-03,-0.01722411957972081,2025-07-11
2026-09-18,US,AAPL,AAPL,APPLE,Information Technology,기술,United States,NASDAQ,,7.52,14594180000.0,2026-08-05,-0.006343960070144705,2026-05-05,-0.007058546899746276,2026-01-31,-0.047308861969524774,2025-08-02
2026-09-18,US,MSFT,MSFT,MICROSOFT,Information Technology,기술,United States,NASDAQ,,5.62,7425545491.0,2026-07-31,-0.0003889396777553289,2026-05-01,-0.0010252545969549054,2025-11-17,-0.0009410872796413727,2025-07-31
2026-09-18,US,AVGO,AVGO,BROADCOM INC,Information Technology,기술,United States,NASDAQ,,2.5,4773629865.0,2026-09-11,0.003373493736741784,2026-06-10,0.006824340117206562,2026-03-10,0.014916600681342151,2025-09-11
2026-09-18,US,MU,MU,MICRON TECHNOLOGY,Information Technology,기술,United States,NASDAQ,,1.68,1129393151.0,2026-08-28,0.00147118019406145,2026-03-21,0.0034507845777733692,2025-12-19,0.009170665737430639,2025-08-27
2026-09-18,US,AMD,AMD,ADVANCED MICRO DEVICES,Information Technology,기술,United States,NASDAQ,,1.35,1632475042.0,2026-08-07,0.0011495169051016774,2026-05-06,0.00272321184138824,2025-11-17,0.005937108784615175,2025-08-07
2026-09-18,US,INTC,INTC,INTEL CORPORATION,Information Technology,기술,United States,NASDAQ,,0.82,5254526315.0,2026-08-14,0.045468825109431066,2026-04-24,0.051919625728947594,2026-01-28,0.16284289404037944,2025-08-08
2026-09-18,US,CSCO,CSCO,CISCO SYSTEMS INC,Information Technology,기술,United States,NASDAQ,,0.66,3942586873.0,2026-09-04,0.0002923321323151651,2026-05-20,-0.0021532488945392725,2026-02-24,-0.0043972542929292535,2025-08-13
2026-09-18,US,PLTR,PLTR,PALANTIR TECHNOLOGIES CLASS A,Information Technology,기술,United States,NASDAQ,,0.61,2403058480.0,2026-08-06,0.0023970609812709043,2026-05-05,0.00823271076603005,2025-11-17,0.012948612936744208,2025-08-06
2026-09-18,US,LRCX,LRCX,LAM RESEARCH,Information Technology,기술,United States,NASDAQ,,0.51,1251321000.0,2026-08-12,0.0006253303575498581,2026-04-24,-0.0037491142727482663,2026-01-31,-0.01372934441992768,2025-08-07
2026-09-18,US,AMAT,AMAT,APPLIED MATERIAL INC,Information Technology,기술,United States,NASDAQ,,0.5,793597443.0,2026-08-25,-0.0004559263185526241,2026-05-23,-0.000156248767475331,2026-01-30,-0.011091044684792606,2025-08-21
2026-09-18,US,IT,IT,GARTNER,Information Technology,기술,United States,NYSE,,0.02,63148976.0,2026-08-06,-0.05680068265138871,2026-05-05,-0.1661937925125101,2025-11-17,-0.16619384755954247,2025-08-06
2026-09-18,US,LIN,LIN,LINDE PLC,Materials,소재,United States,NASDAQ,,0.32,460980163.0,2026-08-05,-0.002956969729098202,2026-05-02,-0.016910232057300134,2025-11-17,-0.01691124678386058,2025-08-05
2026-09-18,US,NEM,NEM,NEWMONT,Materials,소재,United States,NYSE,,0.2,1053692271.0,2026-07-25,-0.01298342664400609,2026-04-24,-0.040746020451007836,2025-11-17,-0.053286314834073756,2025-07-24
2026-09-18,US,FCX,FCX,FREEPORT MCMORAN INC,Materials,소재,United States,NYSE,,0.15,1436017523.0,2026-08-21,-0.0010728888845266127,2026-05-13,6.049177885758539e-05,2026-02-04,0.0001724085353214111,2025-08-19
2026-09-18,US,SHW,SHW,SHERWIN WILLIAMS,Materials,소재,United States,NYSE,,0.11,242758151.0,2026-07-30,-0.015721451687629506,2026-04-30,-0.026370984453597868,2025-11-17,-0.026369719254802804,2025-07-26
2026-09-18,US,ECL,ECL,ECOLAB,Materials,소재,United States,NYSE,,0.1,280328603.0,2026-08-07,-0.007418515144235305,2026-03-27,-0.011622071477275564,2025-11-17,-0.014062698539000551,2025-08-02
2026-09-18,US,APD,APD,AIR PRODUCTS AND CHEMICALS,Materials,소재,United States,NYSE,,0.1,222685530.0,2026-08-01,0.00013259017919686755,2026-02-03,0.00042127345972975405,2025-12-12,0.000635964123948618,2025-08-01
2026-09-18,US,NUE,NUE,NUCOR,Materials,소재,United States,NYSE,,0.09,226875676.0,2026-08-13,-0.0037993781970260265,2026-05-14,-0.008664662323307537,2025-11-17,-0.016794431511215735,2025-08-13
2026-09-18,US,CRH,CRH,CRH PUBLIC LIMITED PLC,Materials,소재,United States,NYSE,,0.09,665284511.0,2026-07-31,-0.004363668992937164,2026-04-23,-0.00470929030570133,2026-01-29,-0.0107454974831519,2025-07-31
2026-09-18,US,CTVA,CTVA,CORTEVA,Materials,소재,United States,NYSE,,0.08,667196000.0,2026-08-05,-0.004250467133501634,2026-05-06,-0.017529082609335833,2025-11-17,-0.021950517248205403,2025-07-15
2026-09-18,US,STLD,STLD,STEEL DYNAMICS INC,Materials,소재,United States,NASDAQ,,0.05,143328088.0,2026-07-30,-0.00613463656872415,2026-04-29,-0.02633411091325344,2025-11-17,-0.03452862166058168,2025-07-25
2026-09-18,US,VMC,VMC,VULCAN MATERIALS,Materials,소재,United States,NYSE,,0.05,129578739.0,2026-07-31,-0.001357528851418599,2026-05-01,-0.019315435703706085,2025-11-17,-0.019115704293586888,2025-07-31
2026-09-18,US,MOS,MOS,MOSAIC,Materials,소재,United States,NYSE,,0.01,317895646.0,2026-08-07,0.00015416868771467307,2026-04-18,0.0015367261978820324,2025-11-17,0.001915124429540338,2025-08-07
2026-09-18,US,WELL,WELL,WELLTOWER,Real Estate,부동산,United States,NYSE,,0.25,720572011.0,2026-07-30,0.022541938477650403,2026-04-30,0.049894461328312545,2025-11-17,0.08337143823670923,2025-07-30
2026-09-18,US,PLD,PLD,PROLOGIS REIT,Real Estate,부동산,United States,NYSE,,0.19,950333372.0,2026-08-08,0.019301339213890323,2026-05-05,0.023110275206245978,2025-11-17,0.023996643089875924,2025-08-07
2026-09-18,US,EQIX,EQIX,EQUINIX REIT,Real Estate,부동산,United States,NASDAQ,,0.15,98671686.0,2026-07-31,0.0004809973303927517,2026-05-01,0.004945792824111006,2025-11-17,0.00871697727435361,2025-07-30
2026-09-18,US,AMT,AMT,AMERICAN TOWER REIT,Real Estate,부동산,United States,NYSE,,0.12,465960048.0,2026-07-30,0.00014376474873034617,2026-04-30,-0.004893050733609905,2025-12-03,-0.004652337717590549,2025-07-26
2026-09-18,US,SPG,SPG,SIMON PROPERTY GROUP REIT INC,Real Estate,부동산,United States,NYSE,,0.1,323559515.0,2026-08-12,-0.0022522963958250264,2026-05-13,-0.1421687168054674,2026-02-04,-0.14222294883768438,2025-08-08
2026-09-18,US,DLR,DLR,DIGITAL REALTY TRUST REIT,Real Estate,부동산,United States,NYSE,,0.1,370998727.0,2026-08-26,0.05575503291676198,2026-05-05,0.060588947234758495,2026-02-18,0.06816943381274698,2025-08-08
2026-09-18,US,O,O,REALTY INCOME REIT,Real Estate,부동산,United States,NYSE,,0.08,946218033.0,2026-08-18,0.014719155980799092,2026-05-09,0.03061985671049583,2026-01-14,0.03490302979357951,2025-08-16
2026-09-18,US,PSA,PSA,PUBLIC STORAGE REIT,Real Estate,부동산,United States,NYSE,,0.08,186852295.0,2026-09-10,0.06440797985035784,2026-04-29,0.06464633176694634,2026-02-14,0.06497069596852478,2025-09-09
2026-09-18,US,VMRK,VMRK,VIVMARK RESIDENTIAL,Real Estate,부동산,United States,NYSE,,0.07,773779120.0,2026-09-01,,,,,,
2026-09-18,US,VTR,VTR,VENTAS REIT,Real Estate,부동산,United States,NYSE,,0.06,512946359.0,2026-08-01,0.05507672471821112,2026-04-30,0.09199598748926263,2025-11-17,0.12991496784872925,2025-08-01
2026-09-18,US,CBRE,CBRE,CBRE GROUP CLASS A,Real Estate,부동산,United States,NYSE,,0.06,289575298.0,2026-07-31,-0.01106932200037758,2026-04-24,-0.026941826860260476,2025-11-17,-0.028613053215828077,2025-07-31
2026-09-18,US,FRT,FRT,FEDERAL REALTY INVESTMENT TRUST RE,Real Estate,부동산,United States,NYSE,,0.01,86889133.0,2026-08-06,0.005787019874718746,2026-05-05,0.001035665773932326,2025-11-17,-0.016578452492602924,2025-08-02
2026-09-18,US,NEE,NEE,NEXTERA ENERGY,Utilities,유틸리티,United States,NYSE,,0.26,2085978209.0,2026-07-30,0.0003053471162566268,2026-04-24,0.0016174538253035387,2025-11-17,0.012959915896915364,2025-07-26
2026-09-18,US,SO,SO,SOUTHERN,Utilities,유틸리티,United States,NYSE,,0.15,1150362966.0,2026-07-31,0.020454872751886954,2026-04-07,0.04473517968170437,2025-11-17,0.045603955852161704,2025-07-23
2026-09-18,US,DUK,DUK,DUKE ENERGY CORP,Utilities,유틸리티,United States,NYSE,,0.14,779702193.0,2026-08-06,0.00013593703726244577,2026-05-06,0.002624496293517131,2025-11-17,0.0026724908181845475,2025-08-06
2026-09-18,US,CEG,CEG,CONSTELLATION ENERGY CORP,Utilities,유틸리티,United States,NASDAQ,,0.13,354307379.0,2026-08-08,-0.02204639929123775,2026-03-24,-0.022034003801594593,2026-01-09,0.1282991474197639,2025-08-08
2026-09-18,US,AEP,AEP,AMERICAN ELECTRIC POWER INC,Utilities,유틸리티,United States,NASDAQ,,0.1,544397352.0,2026-08-01,0.001534083930730512,2026-03-24,0.017060220101608126,2025-11-17,0.01795518629822368,2025-07-31
2026-09-18,US,D,D,DOMINION ENERGY,Utilities,유틸리티,United States,NYSE,,0.09,879525949.0,2026-07-30,0.0006385148222052273,2026-03-24,0.029994465117094027,2025-11-17,0.031349971742665295,2025-07-30
2026-09-18,US,SRE,SRE,SEMPRA,Utilities,유틸리티,United States,NYSE,,0.08,653900348.0,2026-08-08,0.0003217151634584692,2026-05-09,0.0018674145977544132,2025-11-17,-0.012197784346458462,2025-08-07
2026-09-18,US,ETR,ETR,ENTERGY CORP,Utilities,유틸리티,United States,NYSE,,0.07,477777482.0,2026-09-04,0.04344006631839337,2026-05-09,0.054720090773250574,2026-02-28,0.0702684994302265,2025-09-04
2026-09-18,US,XEL,XEL,XCEL ENERGY INC,Utilities,유틸리티,United States,NASDAQ,,0.07,624634306.0,2026-08-01,0.0007563947404933824,2026-04-09,0.05594642069824096,2025-11-17,0.08300367051154978,2025-08-01
2026-09-18,US,VST,VST,VISTRA,Utilities,유틸리티,United States,NYSE,,0.07,335635195.0,2026-08-11,-0.004588829926946314,2026-05-12,-0.009415746731451624,2025-11-17,-0.010894360095717426,2025-08-09
2026-09-18,US,EXC,EXC,EXELON CORP,Utilities,유틸리티,United States,NASDAQ,,0.07,1030253967.0,2026-08-01,0.006918538246549311,2026-03-21,0.020066264298898906,2025-11-17,0.020518255499122562,2025-08-01
2026-09-18,US,AES,AES,AES,Utilities,유틸리티,United States,NYSE,,0.02,713438630.0,2026-08-06,0.00039390585683807267,2026-05-06,0.0018503682711514813,2025-11-17,0.0019502085965918958,2025-08-04
2026-09-18,GLOBAL,GOOGL,GOOGL,ALPHABET CLASS A,Communication,커뮤니케이션,United States,NASDAQ,,1.98,12229934831.0,2026-07-24,0.010989074233280993,2026-02-06,0.009726828555748801,2025-11-17,0.004800995218705806,2025-07-24
2026-09-18,GLOBAL,GOOG,GOOG,ALPHABET CLASS C,Communication,커뮤니케이션,United States,NASDAQ,,1.55,12229934831.0,2026-07-24,0.010989074233280993,2026-02-06,0.013096730150934155,2025-11-17,0.011566084840574753,2025-07-24
2026-09-18,GLOBAL,META,META,META PLATFORMS CLASS A,Communication,커뮤니케이션,United States,NASDAQ,,1.45,2547506225.0,2026-07-31,0.0035781742886173973,2026-04-18,0.01070356382215798,2025-11-17,0.013194811946793505,2025-07-31
2026-09-18,GLOBAL,700,0700.HK,TENCENT HOLDINGS,Communication,커뮤니케이션,China,Hong Kong Exchanges And Clearing Ltd,,0.32,9008948765.0,2026-09-17,-0.0008464692969191168,2026-06-14,-0.0013569109380650035,2026-01-19,-0.007122487732273086,2025-09-17
2026-09-18,GLOBAL,NFLX,NFLX,NETFLIX,Communication,커뮤니케이션,United States,NASDAQ,,0.3,4163939676.0,2026-07-21,-0.013789729744559942,2026-04-20,-0.017318401050480547,2025-12-03,-0.02156406387532861,2025-07-19
2026-09-18,GLOBAL,VZ,VZ,VERIZON COMMUNICATIONS INC,Communication,커뮤니케이션,United States,NYSE,,0.19,4154775202.0,2026-08-05,-0.004977467315866457,2026-05-05,-0.014755702632202938,2026-01-31,-0.014596804322252632,2025-08-05
2026-09-18,GLOBAL,DIS,DIS,WALT DISNEY,Communication,커뮤니케이션,United States,NYSE,,0.18,1726686902.0,2026-08-07,-0.005657620136681585,2026-05-06,-0.0263338156847277,2026-02-03,-0.039625059170268595,2025-08-07
2026-09-18,GLOBAL,T,T,AT&T,Communication,커뮤니케이션,United States,NYSE,,0.17,6852385650.0,2026-07-24,-0.018584527988001476,2026-04-23,-0.04167605100921079,2025-12-03,-0.04309653522666923,2025-07-24
2026-09-18,GLOBAL,9984,9984.T,SOFTBANK GROUP,Communication,커뮤니케이션,Japan,Tokyo Stock Exchange,,0.14,5698923701.0,2026-05-12,7.899255738297306e-05,2026-01-28,7.899255738297306e-05,2025-11-11,,
2026-09-18,GLOBAL,DTE,DTE.DE,DEUTSCHE TELEKOM N AG,Communication,커뮤니케이션,Germany,Xetra,,0.11,4782610264.0,2026-08-06,-0.01145347234666183,2026-03-05,-0.039369423212118115,2025-11-16,-0.024042699157321934,2025-08-06
2026-09-18,GLOBAL,AMZN,AMZN,AMAZON.COM INC,Consumer Discretionary,경기소비재,United States,NASDAQ,,2.35,10786313572.0,2026-08-05,0.002714868355086608,2026-05-05,0.008989300206947881,2025-11-17,0.011384447368088857,2025-08-05
2026-09-18,GLOBAL,TSLA,TSLA,TESLA INC,Consumer Discretionary,경기소비재,United States,NASDAQ,,1.01,3949547394.0,2026-07-24,0.05160750088594579,2026-04-24,0.18754123290552305,2025-11-17,0.2262019379315483,2025-07-19
2026-09-18,GLOBAL,HD,HD,HOME DEPOT,Consumer Discretionary,경기소비재,United States,NYSE,,0.29,997689626.0,2026-08-26,0.0016685962349050065,2026-04-09,0.0021879616989048944,2025-11-26,0.002775704372577792,2025-08-26
2026-09-18,GLOBAL,9988,9988.HK,ALIBABA GROUP HOLDING,Consumer Discretionary,경기소비재,China,Hong Kong Exchanges And Clearing Ltd,,0.22,19884988918.0,2026-08-26,0.036050349913453905,2026-05-19,0.04117328708051793,2026-02-05,0.042600037659919376,2025-08-25
2026-09-18,GLOBAL,7203,7203.T,TOYOTA MOTOR,Consumer Discretionary,경기소비재,Japan,Tokyo Stock Exchange,,0.18,11841833660.0,2026-08-27,-0.09142291980201522,2026-05-12,-0.09146124279477363,2026-02-16,-0.09142408203111185,2025-08-21
2026-09-18,GLOBAL,MCD,MCD,MCDONALDS CORP,Consumer Discretionary,경기소비재,United States,NYSE,,0.17,707641531.0,2026-08-11,-0.004031392512415577,2026-05-09,-0.008356034121839606,2025-11-17,-0.0083553865552497,2025-08-09
2026-09-18,GLOBAL,6758,6758.T,SONY GROUP,Consumer Discretionary,경기소비재,Japan,Tokyo Stock Exchange,,0.14,5845333109.0,2026-09-15,-0.007561027841922141,2026-06-12,-0.01602756159246621,2026-03-16,-0.022952496018513457,2025-09-12
2026-09-18,GLOBAL,TJX,TJX,TJX,Consumer Discretionary,경기소비재,United States,NYSE,,0.13,1099974061.0,2026-09-01,-0.0042820367177195395,2026-06-01,-0.01164905974237207,2025-12-04,-0.014024405665711392,2025-08-31
2026-09-18,GLOBAL,BKNG,BKNG,BOOKING HOLDINGS,Consumer Discretionary,경기소비재,United States,NASDAQ,,0.13,751380500.0,2026-08-06,-0.0303246740499048,2026-04-30,-0.07265270849764793,2025-11-17,-0.0726531090808673,2025-08-06
2026-09-18,GLOBAL,MC,MC.PA,LVMH,Consumer Discretionary,경기소비재,France,Nyse Euronext - Euronext Paris,,0.11,492965227.0,2026-08-10,-0.002250660300115337,2026-05-06,-0.006901386024891654,2026-02-06,-0.008168130507207993,2025-08-06
2026-09-18,GLOBAL,WMT,WMT,WALMART INC,Consumer Staples,필수소비재,United States,NASDAQ,,0.45,7933746241.0,2026-09-01,-0.003057636588687629,2026-06-01,-0.0049047549492170495,2025-12-05,-0.005848546121449694,2025-08-30
2026-09-18,GLOBAL,COST,COST,COSTCO WHOLESALE CORP,Consumer Staples,필수소비재,United States,NASDAQ,,0.38,443478804.0,2026-06-05,-0.0010786591117514233,2025-12-19,3.873931831543942e-06,2025-11-17,,
2026-09-18,GLOBAL,PG,PG,PROCTER & GAMBLE,Consumer Staples,필수소비재,United States,NYSE,,0.33,2322672312.0,2026-09-01,-0.00254516387578696,2026-04-28,-0.006017475550867735,2026-01-24,-0.008409318594565618,2025-08-26
2026-09-18,GLOBAL,KO,KO,COCA-COLA,Consumer Staples,필수소비재,United States,NYSE,,0.33,4302549243.0,2026-07-31,-0.00010475412502908288,2026-04-30,-0.00025978053937147916,2025-11-17,-0.0002603631464510592,2025-07-31
2026-09-18,GLOBAL,PM,PM,PHILIP MORRIS INTERNATIONAL INC,Consumer Staples,필수소비재,United States,NYSE,,0.29,1558613439.0,2026-07-28,3.5027872152593176e-05,2026-04-28,0.0012685602239239646,2025-11-17,0.0012999486456919396,2025-07-26
2026-09-18,GLOBAL,NESN,NESN.SW,NESTLE SA,Consumer Staples,필수소비재,Switzerland,SIX Swiss Exchange,,0.24,2572220000.0,2026-02-26,-0.00019241890084820135,2025-11-16,-0.008805139137921802,2025-08-06,,
2026-09-18,GLOBAL,PEP,PEP,PEPSICO,Consumer Staples,필수소비재,United States,NASDAQ,,0.18,1364891558.0,2026-07-11,-0.0014992651858962702,2026-03-30,-0.003057275358738676,2025-11-17,-0.016216344919874448,2025-07-11
2026-09-18,GLOBAL,ULVR,ULVR.L,UNILEVER PLC,Consumer Staples,필수소비재,United Kingdom,London Stock Exchange,,0.13,2153264756.0,2026-09-01,-0.0056222524551521325,2026-05-27,-0.014474676133127473,2026-02-07,-0.011997989061276249,2025-08-29
2026-09-18,GLOBAL,MO,MO,ALTRIA GROUP INC,Consumer Staples,필수소비재,United States,NYSE,,0.11,1669743926.0,2026-07-31,-0.001288452935894524,2026-04-07,-0.006040289684183908,2025-11-17,-0.006039753620827426,2025-07-31
2026-09-18,GLOBAL,BATS,BATS.L,BRITISH AMERICAN TOBACCO,Consumer Staples,필수소비재,United Kingdom,London Stock Exchange,,0.11,2152846530.0,2026-09-15,-0.003436125005748525,2026-06-16,-0.00687132209365704,2026-03-14,-0.020025767594203048,2025-09-15
2026-09-18,GLOBAL,XOM,XOM,EXXONMOBIL HOLDINGS CORP,Energy,에너지,United States,NYSE,,0.66,4111911960.0,2026-08-11,-0.007969993514720719,2026-05-05,-0.024958387838889706,2026-01-31,-0.040568580118016895,2025-08-08
2026-09-18,GLOBAL,CVX,CVX,CHEVRON,Energy,에너지,United States,NYSE,,0.38,1961603274.0,2026-08-08,-0.015060500179360559,2026-05-09,-0.018881264443549428,2026-01-31,-0.035228026190320505,2025-08-08
2026-09-18,GLOBAL,SHEL,SHEL.L,SHELL PLC,Energy,에너지,United Kingdom,London Stock Exchange,,0.26,5713351303.0,2026-09-17,0.03054439566215561,2026-06-15,0.01579178094227518,2026-03-19,-0.013848409526323047,2025-09-17
2026-09-18,GLOBAL,TTE,TTE.PA,TOTALENERGIES,Energy,에너지,France,Nyse Euronext - Euronext Paris,,0.17,2209035038.0,2026-09-16,-0.007124213047795647,2026-06-15,0.031538986372158684,2026-03-16,0.01231853518011139,2025-09-16
2026-09-18,GLOBAL,COP,COP,CONOCOPHILLIPS,Energy,에너지,United States,NYSE,,0.16,1218294007.0,2026-08-07,0.0,2026-05-05,-0.02453940724889092,2025-11-17,-0.03587754858789549,2025-08-07
2026-09-18,GLOBAL,MPC,MPC,MARATHON PETROLEUM,Energy,에너지,United States,NYSE,,0.12,280824763.0,2026-08-06,-0.03806261588238147,2026-05-06,-0.06579359225512715,2026-02-04,-0.07623433223684206,2025-08-06
2026-09-18,GLOBAL,VLO,VLO,VALERO ENERGY CORP,Energy,에너지,United States,NYSE,,0.12,287927461.0,2026-08-01,-0.03711635982055972,2026-03-24,-0.07315035040282813,2025-11-17,-0.07315111121125895,2025-08-01
2026-09-18,GLOBAL,BP.,BP..L,BP PLC,Energy,에너지,United Kingdom,London Stock Exchange,,0.11,,,,,,,,
2026-09-18,GLOBAL,PSX,PSX,PHILLIPS 66,Energy,에너지,United States,NYSE,,0.1,399020916.0,2026-08-07,-0.004774100301839446,2026-05-01,-0.012628167724598294,2025-11-17,-0.012627520266056957,2025-08-07
2026-09-18,GLOBAL,ENB,ENB.TO,ENBRIDGE,Energy,에너지,Canada,Toronto Stock Exchange,,0.1,2184108639.0,2026-09-11,0.00018877349304080582,2026-05-12,0.0005078511223086668,2026-02-17,0.0016503877896540953,2025-09-11
2026-09-18,GLOBAL,JPM,JPM,JPMORGAN CHASE & CO,Financials,금융,United States,NYSE,,0.9,2658186195.0,2026-08-08,-0.007958623671742826,2026-05-05,-0.023537813051354828,2026-01-14,-0.033298961893705514,2025-08-08
2026-09-18,GLOBAL,BRK B,BRK B,BERKSHIRE HATHAWAY INC CLASS B,Financials,금융,United States,NYSE,,0.69,,,,,,,,
2026-09-18,GLOBAL,V,V,VISA CLASS A,Financials,금융,United States,NYSE,,0.59,1877355259.0,2026-09-18,-0.012824304199125058,2026-05-01,-0.026288019174353083,2026-02-04,-0.03276071124593827,2025-09-17
2026-09-18,GLOBAL,MA,MA,MASTERCARD CLASS A,Financials,금융,United States,NYSE,,0.44,876009940.0,2026-08-01,-0.008248634227538187,2026-05-02,-0.0195063692552071,2026-01-30,-0.03290841518750731,2025-08-01
2026-09-18,GLOBAL,BAC,BAC,BANK OF AMERICA,Financials,금융,United States,NYSE,,0.37,6992748365.0,2026-08-05,-0.01463270056098942,2026-05-05,-0.04241662084956699,2026-01-15,-0.0559206595512477,2025-08-05
2026-09-18,GLOBAL,HSBA,HSBA.L,HSBC HOLDINGS PLC,Financials,금융,United Kingdom,London Stock Exchange,,0.35,17113844763.0,2026-09-17,-0.0020039842637786798,2026-06-01,-0.0015193078717181674,2026-03-10,-0.009678032992704755,2025-09-17
2026-09-18,GLOBAL,RY,RY.TO,ROYAL BANK OF CANADA,Financials,금융,Canada,Toronto Stock Exchange,,0.27,1384429799.0,2026-08-28,-0.0037928690708516344,2026-05-28,-0.014633809982888102,2025-12-05,-0.01835072906409818,2025-08-23
2026-09-18,GLOBAL,GS,GS,GOLDMAN SACHS GROUP,Financials,금융,United States,NYSE,,0.27,291171408.0,2026-08-06,-0.013003106793032182,2026-05-05,-0.038152891447177706,2025-11-17,-0.038152570535973984,2025-08-05
2026-09-18,GLOBAL,WFC,WFC,WELLS FARGO,Financials,금융,United States,NYSE,,0.25,3023999336.0,2026-07-30,-0.013164569304410678,2026-04-23,-0.036662028199685226,2026-01-17,-0.060977648182727995,2025-07-29
2026-09-18,GLOBAL,8306,8306.T,MITSUBISHI UFJ FINANCIAL GROUP,Financials,금융,Japan,Tokyo Stock Exchange,,0.24,11255764758.0,2026-08-27,-0.0028208967605959367,2026-05-17,-0.004972295105313496,2026-02-16,-0.010943034933282969,2025-08-27
2026-09-18,GLOBAL,LLY,LLY,ELI LILLY,Health Care,헬스케어,United States,NYSE,,0.89,891741406.0,2026-08-07,0.0,2026-05-05,-0.005259989344338245,2025-11-17,-0.006677457515349761,2025-08-07
2026-09-18,GLOBAL,JNJ,JNJ,JOHNSON & JOHNSON,Health Care,헬스케어,United States,NYSE,,0.63,2409898597.0,2026-07-25,0.0011139943064151225,2026-04-24,0.00025048612745659504,2025-11-17,0.00159121761816583,2025-07-25
2026-09-18,GLOBAL,ABBV,ABBV,ABBVIE,Health Care,헬스케어,United States,NYSE,,0.45,1767117285.0,2026-08-05,-0.0009300808414922646,2026-03-27,-0.00015126701633561002,2025-11-17,0.00040607167119555143,2025-08-05
2026-09-18,GLOBAL,MRK,MRK,MERCK & CO INC,Health Care,헬스케어,United States,NYSE,,0.35,2467171638.0,2026-08-11,-0.0010740751382523062,2026-05-06,-0.012255496735238736,2025-11-17,-0.012254213898796107,2025-08-09
2026-09-18,GLOBAL,UNH,UNH,UNITEDHEALTH GROUP INC,Health Care,헬스케어,United States,NYSE,,0.33,897594847.0,2026-08-12,-0.011616607395843137,2026-05-06,-0.009100708247568479,2025-11-17,-0.01499156439024818,2025-08-08
2026-09-18,GLOBAL,ROP,ROP.SW,ROCHE PS PAR AG,Health Care,헬스케어,Switzerland,SIX Swiss Exchange,,0.3,796765913.0,2026-07-23,0.001443251062570372,2026-03-30,,,,
2026-09-18,GLOBAL,NOVN,NOVN.SW,NOVARTIS AG,Health Care,헬스케어,Switzerland,SIX Swiss Exchange,,0.25,1900714840.0,2026-07-21,-0.0038974045312254457,2026-02-05,-0.01815135011253166,2025-11-16,-0.09740348197221249,2025-07-21
2026-09-18,GLOBAL,AZN,AZN.L,ASTRAZENECA PLC,Health Care,헬스케어,United Kingdom,London Stock Exchange,,0.24,1550895914.0,2026-09-01,3.084183455759337e-05,2026-05-04,8.739841547922289e-05,2026-02-26,0.0004231048095779677,2025-09-01
2026-09-18,GLOBAL,TMO,TMO,THERMO FISHER SCIENTIFIC INC,Health Care,헬스케어,United States,NYSE,,0.24,369747286.0,2026-08-05,-0.005043247434590503,2026-05-05,-0.015865438223139128,2025-11-17,-0.02082750018537549,2025-08-04
2026-09-18,GLOBAL,AMGN,AMGN,AMGEN INC,Health Care,헬스케어,United States,NASDAQ,,0.2,540632005.0,2026-08-22,0.0017115375926217702,2026-05-23,0.0029019176488369602,2026-02-19,0.004216532867224121,2025-08-21
2026-09-18,GLOBAL,CAT,CAT,CATERPILLAR INC,Industrials,산업재,United States,NYSE,,0.36,459674889.0,2026-08-07,-0.0019911201971571924,2026-05-05,-0.018792807035205694,2025-11-28,-0.022623388195173177,2025-08-07
2026-09-18,GLOBAL,GE,GE,GE AEROSPACE,Industrials,산업재,United States,NYSE,,0.31,1037562513.0,2026-07-18,-0.016354920825461083,2026-03-19,-0.021573014243387423,2025-11-17,-0.021573579834785583,2025-07-18
2026-09-18,GLOBAL,RTX,RTX,RTX,Industrials,산업재,United States,NYSE,,0.25,1347758144.0,2026-07-25,0.0007980465027301875,2026-04-23,0.00521058189029433,2025-11-17,0.00688669130517261,2025-07-25
2026-09-18,GLOBAL,GEV,GEV,GE VERNOVA,Industrials,산업재,United States,NYSE,,0.24,266333581.0,2026-07-23,-0.008880671495993475,2026-04-23,-0.02163791692971606,2025-11-17,-0.024186809337408244,2025-07-23
2026-09-18,GLOBAL,SIE,SIE.DE,SIEMENS N AG,Industrials,산업재,Germany,Xetra,,0.22,780264198.0,2026-08-31,0.02297080876872548,2026-03-23,-0.0037707303526798297,2025-12-09,-0.004822164593329847,2025-08-29
2026-09-18,GLOBAL,SU,SU.PA,SCHNEIDER ELECTRIC,Industrials,산업재,France,Nyse Euronext - Euronext Paris,,0.17,563301211.0,2026-09-16,0.0015822547445003554,2026-06-16,0.0019179671031748224,2025-12-18,-0.020660886655460398,2025-09-16
2026-09-18,GLOBAL,DE,DE,DEERE,Industrials,산업재,United States,NYSE,,0.16,269625412.0,2026-08-29,-0.0011558715876466286,2026-05-30,-0.0053455645016912134,2026-01-16,-0.004436765774852081,2025-08-28
2026-09-18,GLOBAL,UNP,UNP,UNION PACIFIC,Industrials,산업재,United States,NYSE,,0.16,594075498.0,2026-07-25,0.0006102020168448075,2026-04-24,0.001541923982111948,2025-11-17,-0.005691392092945224,2025-07-23
2026-09-18,GLOBAL,RR.,RR..L,ROLLS-ROYCE HOLDINGS PLC,Industrials,산업재,United Kingdom,London Stock Exchange,,0.16,,,,,,,,
2026-09-18,GLOBAL,ETN,ETN,EATON PLC,Industrials,산업재,United States,NYSE,,0.15,388400000.0,2026-08-06,0.00025753283543661354,2026-05-06,-0.002311841767274614,2025-11-17,-0.007411193457705134,2025-07-09
2026-09-18,GLOBAL,NVDA,NVDA,NVIDIA,Information Technology,기술,United States,NASDAQ,,4.88,24147000000.0,2026-08-28,-0.0030552000330291706,2026-05-21,-0.008214564422721504,2025-12-03,-0.01722411957972081,2025-07-11
2026-09-18,GLOBAL,AAPL,AAPL,APPLE,Information Technology,기술,United States,NASDAQ,,4.79,14594180000.0,2026-08-05,-0.006343960070144705,2026-05-05,-0.007058546899746276,2026-01-31,-0.047308861969524774,2025-08-02
2026-09-18,GLOBAL,MSFT,MSFT,MICROSOFT,Information Technology,기술,United States,NASDAQ,,3.4,7425545491.0,2026-07-31,-0.0003889396777553289,2026-05-01,-0.0010252545969549054,2025-11-17,-0.0009410872796413727,2025-07-31
2026-09-18,GLOBAL,2330,2330.TW,TAIWAN SEMICONDUCTOR MANUFACTURING,Information Technology,기술,Taiwan,Taiwan Stock Exchange,,1.81,25932370067.0,2026-05-25,-5.955995524997704e-06,2025-11-26,-9.465069182867936e-06,2025-11-16,,
2026-09-18,GLOBAL,AVGO,AVGO,BROADCOM INC,Information Technology,기술,United States,NASDAQ,,1.52,4773629865.0,2026-09-11,0.003373493736741784,2026-06-10,0.006824340117206562,2026-03-10,0.014916600681342151,2025-09-11
2026-09-18,GLOBAL,MU,MU,MICRON TECHNOLOGY,Information Technology,기술,United States,NASDAQ,,1.07,1129393151.0,2026-08-28,0.00147118019406145,2026-03-21,0.0034507845777733692,2025-12-19,0.009170665737430639,2025-08-27
2026-09-18,GLOBAL,AMD,AMD,ADVANCED MICRO DEVICES,Information Technology,기술,United States,NASDAQ,,0.86,1632475042.0,2026-08-07,0.0011495169051016774,2026-05-06,0.00272321184138824,2025-11-17,0.005937108784615175,2025-08-07
2026-09-18,GLOBAL,005930,005930.KS,SAMSUNG ELECTRONICS LTD,Information Technology,기술,Korea (South),Korea Exchange (Stock Market),,0.82,6566563106.0,2026-04-27,-0.017875939881038194,2025-11-16,0.008699005596441545,2025-10-27,,
2026-09-18,GLOBAL,000660,000660.KS,SK HYNIX,Information Technology,기술,Korea (South),Korea Exchange (Stock Market),,0.67,709854891.0,2026-05-08,0.028096857101537864,2025-12-09,0.0281611045812995,2025-11-05,,
2026-09-18,GLOBAL,ASML,ASML.AS,ASML HOLDING,Information Technology,기술,Netherlands,Euronext Amsterdam,,0.61,384100000.0,2026-07-15,-0.01042818303626325,2026-02-27,-0.010428180486790728,2025-11-16,-0.04868053054588983,2025-07-04
2026-09-18,GLOBAL,BHP,BHP.AX,BHP GROUP LTD,Materials,소재,Australia,Asx - All Markets,,0.21,5082953802.0,2026-08-24,0.00044553356296517244,2026-04-09,-0.0053878646669986985,2025-11-16,0.0015100003804471296,2025-08-24
2026-09-18,GLOBAL,LIN,LIN,LINDE PLC,Materials,소재,United States,NASDAQ,,0.21,460980163.0,2026-08-05,-0.002956969729098202,2026-05-02,-0.016910232057300134,2025-11-17,-0.01691124678386058,2025-08-05
2026-09-18,GLOBAL,NEM,NEM,NEWMONT,Materials,소재,United States,NYSE,,0.13,1053692271.0,2026-07-25,-0.01298342664400609,2026-04-24,-0.040746020451007836,2025-11-17,-0.053286314834073756,2025-07-24
2026-09-18,GLOBAL,AI,AI.PA,LAIR LIQUIDE SOCIETE ANONYME POUR,Materials,소재,France,Nyse Euronext - Euronext Paris,,0.11,638163975.0,2026-09-07,0.002629608209790968,2026-06-08,0.003817907560969447,2026-03-04,0.006043498782338119,2025-09-06
2026-09-18,GLOBAL,RIO,RIO.L,RIO TINTO PLC,Materials,소재,United Kingdom,London Stock Exchange,,0.11,1626359480.0,2026-09-15,6.59977605157458e-05,2026-06-02,0.0003800862424654383,2026-03-11,0.000965948820798257,2025-09-15
2026-09-18,GLOBAL,AEM,AEM.TO,AGNICO EAGLE MINES,Materials,소재,Canada,Toronto Stock Exchange,,0.1,506364864.0,2026-07-31,0.010729568976982629,2026-03-24,0.008008277707713729,2025-11-17,0.005719876551950831,2025-07-31
2026-09-18,GLOBAL,FCX,FCX,FREEPORT MCMORAN INC,Materials,소재,United States,NYSE,,0.1,1436017523.0,2026-08-21,-0.0010728888845266127,2026-05-13,6.049177885758539e-05,2026-02-04,0.0001724085353214111,2025-08-19
2026-09-18,GLOBAL,GLEN,GLEN.L,GLENCORE PLC,Materials,소재,United Kingdom,London Stock Exchange,,0.07,11731490359.0,2026-09-17,0.0013733170082737,2026-03-17,0.0013733170082737,2026-03-17,-0.008348474105951409,2025-09-17
2026-09-18,GLOBAL,SHW,SHW,SHERWIN WILLIAMS,Materials,소재,United States,NYSE,,0.07,242758151.0,2026-07-30,-0.015721451687629506,2026-04-30,-0.026370984453597868,2025-11-17,-0.026369719254802804,2025-07-26
2026-09-18,GLOBAL,ABX,ABX.TO,BARRICK MINING,Materials,소재,Canada,Toronto Stock Exchange,,0.07,1645884419.0,2026-08-12,-0.01768056889910119,2026-04-10,-0.024622897072703265,2026-02-07,-0.04278991681648736,2025-08-07
2026-09-18,GLOBAL,WELL,WELL,WELLTOWER,Real Estate,부동산,United States,NYSE,,0.16,720572011.0,2026-07-30,0.022541938477650403,2026-04-30,0.049894461328312545,2025-11-17,0.08337143823670923,2025-07-30
2026-09-18,GLOBAL,PLD,PLD,PROLOGIS REIT,Real Estate,부동산,United States,NYSE,,0.12,950333372.0,2026-08-08,0.019301339213890323,2026-05-05,0.023110275206245978,2025-11-17,0.023996643089875924,2025-08-07
2026-09-18,GLOBAL,EQIX,EQIX,EQUINIX REIT,Real Estate,부동산,United States,NASDAQ,,0.1,98671686.0,2026-07-31,0.0004809973303927517,2026-05-01,0.004945792824111006,2025-11-17,0.00871697727435361,2025-07-30
2026-09-18,GLOBAL,AMT,AMT,AMERICAN TOWER REIT,Real Estate,부동산,United States,NYSE,,0.08,465960048.0,2026-07-30,0.00014376474873034617,2026-04-30,-0.004893050733609905,2025-12-03,-0.004652337717590549,2025-07-26
2026-09-18,GLOBAL,DLR,DLR,DIGITAL REALTY TRUST REIT,Real Estate,부동산,United States,NYSE,,0.07,370998727.0,2026-08-26,0.05575503291676198,2026-05-05,0.060588947234758495,2026-02-18,0.06816943381274698,2025-08-08
2026-09-18,GLOBAL,SPG,SPG,SIMON PROPERTY GROUP REIT INC,Real Estate,부동산,United States,NYSE,,0.06,323559515.0,2026-08-12,-0.0022522963958250264,2026-05-13,-0.1421687168054674,2026-02-04,-0.14222294883768438,2025-08-08
2026-09-18,GLOBAL,O,O,REALTY INCOME REIT,Real Estate,부동산,United States,NYSE,,0.05,946218033.0,2026-08-18,0.014719155980799092,2026-05-09,0.03061985671049583,2026-01-14,0.03490302979357951,2025-08-16
2026-09-18,GLOBAL,PSA,PSA,PUBLIC STORAGE REIT,Real Estate,부동산,United States,NYSE,,0.05,186852295.0,2026-09-10,0.06440797985035784,2026-04-29,0.06464633176694634,2026-02-14,0.06497069596852478,2025-09-09
2026-09-18,GLOBAL,VMRK,VMRK,VIVMARK RESIDENTIAL,Real Estate,부동산,United States,NYSE,,0.04,773779120.0,2026-09-01,,,,,,
2026-09-18,GLOBAL,CBRE,CBRE,CBRE GROUP CLASS A,Real Estate,부동산,United States,NYSE,,0.04,289575298.0,2026-07-31,-0.01106932200037758,2026-04-24,-0.026941826860260476,2025-11-17,-0.028613053215828077,2025-07-31
2026-09-18,GLOBAL,NEE,NEE,NEXTERA ENERGY,Utilities,유틸리티,United States,NYSE,,0.16,2085978209.0,2026-07-30,0.0003053471162566268,2026-04-24,0.0016174538253035387,2025-11-17,0.012959915896915364,2025-07-26
2026-09-18,GLOBAL,IBE,IBE.MC,IBERDROLA,Utilities,유틸리티,Spain,Bolsa De Madrid,,0.14,6673141516.0,2026-07-24,-0.01253418514768423,2026-02-01,-0.0012102358659181744,2026-01-08,-0.0012181025192777861,2025-07-24
2026-09-18,GLOBAL,SO,SO,SOUTHERN,Utilities,유틸리티,United States,NYSE,,0.09,1150362966.0,2026-07-31,0.020454872751886954,2026-04-07,0.04473517968170437,2025-11-17,0.045603955852161704,2025-07-23
2026-09-18,GLOBAL,DUK,DUK,DUKE ENERGY CORP,Utilities,유틸리티,United States,NYSE,,0.09,779702193.0,2026-08-06,0.00013593703726244577,2026-05-06,0.002624496293517131,2025-11-17,0.0026724908181845475,2025-08-06
2026-09-18,GLOBAL,CEG,CEG,CONSTELLATION ENERGY CORP,Utilities,유틸리티,United States,NASDAQ,,0.08,354307379.0,2026-08-08,-0.02204639929123775,2026-03-24,-0.022034003801594593,2026-01-09,0.1282991474197639,2025-08-08
2026-09-18,GLOBAL,ENEL,ENEL.MI,ENEL,Utilities,유틸리티,Italy,Borsa Italiana,,0.08,9920663654.0,2026-08-24,-0.0002620105734015832,2026-04-14,-0.011037677882815289,2026-02-13,-0.022479194238792077,2025-08-22
2026-09-18,GLOBAL,NG.,NG..L,NATIONAL GRID PLC,Utilities,유틸리티,United Kingdom,London Stock Exchange,,0.07,,,,,,,,
2026-09-18,GLOBAL,AEP,AEP,AMERICAN ELECTRIC POWER INC,Utilities,유틸리티,United States,NASDAQ,,0.06,544397352.0,2026-08-01,0.001534083930730512,2026-03-24,0.017060220101608126,2025-11-17,0.01795518629822368,2025-07-31
2026-09-18,GLOBAL,D,D,DOMINION ENERGY,Utilities,유틸리티,United States,NYSE,,0.06,879525949.0,2026-07-30,0.0006385148222052273,2026-03-24,0.029994465117094027,2025-11-17,0.031349971742665295,2025-07-30
2026-09-18,GLOBAL,SRE,SRE,SEMPRA,Utilities,유틸리티,United States,NYSE,,0.05,653900348.0,2026-08-08,0.0003217151634584692,2026-05-09,0.0018674145977544132,2025-11-17,-0.012197784346458462,2025-08-07
2026-09-18,EX_US,700,0700.HK,TENCENT HOLDINGS,Communication,커뮤니케이션,China,Hong Kong Exchanges And Clearing Ltd,,0.32,9008948765.0,2026-09-17,-0.0008464692969191168,2026-06-14,-0.0013569109380650035,2026-01-19,-0.007122487732273086,2025-09-17
2026-09-18,EX_US,9984,9984.T,SOFTBANK GROUP,Communication,커뮤니케이션,Japan,Tokyo Stock Exchange,,0.14,5698923701.0,2026-05-12,7.899255738297306e-05,2026-01-28,7.899255738297306e-05,2025-11-11,,
2026-09-18,EX_US,DTE,DTE.DE,DEUTSCHE TELEKOM N AG,Communication,커뮤니케이션,Germany,Xetra,,0.11,4782610264.0,2026-08-06,-0.01145347234666183,2026-03-05,-0.039369423212118115,2025-11-16,-0.024042699157321934,2025-08-06
2026-09-18,EX_US,SPOT,SPOT.ST,SPOTIFY TECHNOLOGY,Communication,커뮤니케이션,Sweden,NYSE,,0.08,,,,,,,,
2026-09-18,EX_US,7974,7974.T,NINTENDO,Communication,커뮤니케이션,Japan,Tokyo Stock Exchange,,0.06,1152873205.0,2026-07-27,3.8420271647021664e-05,2026-04-02,-0.00977948924948202,2025-11-16,-0.009771766507492563,2025-07-25
2026-09-18,EX_US,9433,9433.T,KDDI,Communication,커뮤니케이션,Japan,Tokyo Stock Exchange,,0.06,3695962728.0,2026-09-04,-0.029209558452745754,2026-06-05,-0.029186607521933028,2026-01-08,-0.030269569558936338,2025-09-04
2026-09-18,EX_US,BHARTIARTL,BHARTIARTL.NS,BHARTI AIRTEL LTD,Communication,커뮤니케이션,India,National Stock Exchange Of India,,0.05,6238658094.0,2026-08-05,0.024162712100785022,2026-03-23,0.024162712100785022,2026-01-21,0.04048212328462841,2025-08-05
2026-09-18,EX_US,9434,9434.T,SOFTBANK,Communication,커뮤니케이션,Japan,Tokyo Stock Exchange,,0.05,47833719783.0,2026-07-20,0.0014708279157362725,2026-02-09,0.0018890890507039515,2025-11-12,0.0031650430287937237,2025-07-20
2026-09-18,EX_US,9999,9999.HK,NETEASE,Communication,커뮤니케이션,China,Hong Kong Exchanges And Clearing Ltd,,0.04,3201250981.0,2026-07-08,,2025-11-16,-0.00658426623128594,2025-11-16,-0.018433703914436328,2025-07-08
2026-09-18,EX_US,9432,9432.T,NTT,Communication,커뮤니케이션,Japan,Tokyo Stock Exchange,,0.03,81027939965.0,2026-09-01,-0.004859585554195078,2026-04-22,-0.006916894147031005,2026-02-05,-0.02068257893477332,2025-09-01
2026-09-18,EX_US,9988,9988.HK,ALIBABA GROUP HOLDING,Consumer Discretionary,경기소비재,China,Hong Kong Exchanges And Clearing Ltd,,0.22,19884988918.0,2026-08-26,0.036050349913453905,2026-05-19,0.04117328708051793,2026-02-05,0.042600037659919376,2025-08-25
2026-09-18,EX_US,7203,7203.T,TOYOTA MOTOR,Consumer Discretionary,경기소비재,Japan,Tokyo Stock Exchange,,0.18,11841833660.0,2026-08-27,-0.09142291980201522,2026-05-12,-0.09146124279477363,2026-02-16,-0.09142408203111185,2025-08-21
2026-09-18,EX_US,6758,6758.T,SONY GROUP,Consumer Discretionary,경기소비재,Japan,Tokyo Stock Exchange,,0.14,5845333109.0,2026-09-15,-0.007561027841922141,2026-06-12,-0.01602756159246621,2026-03-16,-0.022952496018513457,2025-09-12
2026-09-18,EX_US,MC,MC.PA,LVMH,Consumer Discretionary,경기소비재,France,Nyse Euronext - Euronext Paris,,0.11,492965227.0,2026-08-10,-0.002250660300115337,2026-05-06,-0.006901386024891654,2026-02-06,-0.008168130507207993,2025-08-06
2026-09-18,EX_US,CFR,CFR.SW,COMPAGNIE FINANCIERE RICHEMONT SA,Consumer Discretionary,경기소비재,Switzerland,SIX Swiss Exchange,,0.11,587940297.0,2025-11-16,0.004952266688742268,2025-08-08,,,,
2026-09-18,EX_US,9983,9983.T,FAST RETAILING,Consumer Discretionary,경기소비재,Japan,Tokyo Stock Exchange,,0.08,306851024.0,2026-07-09,3.677163839088671e-05,2026-04-09,6.927293941938473e-05,2026-01-08,0.00019885914409933925,2025-07-09
2026-09-18,EX_US,6752,6752.T,PANASONIC HOLDINGS,Consumer Discretionary,경기소비재,Japan,Tokyo Stock Exchange,,0.06,2334925020.0,2026-07-13,0.00010514847825371376,2026-03-18,0.00010691593330647287,2025-11-16,-0.008179100669789996,2025-07-13
2026-09-18,EX_US,ITX,ITX.MC,INDUSTRIA DE DISENO TEXTIL SA,Consumer Discretionary,경기소비재,Spain,Bolsa De Madrid,,0.06,3115009210.0,2026-09-09,-0.00020615591823314183,2026-03-26,-0.00043562234506677733,2026-02-13,-0.005046905252872769,2025-09-09
2026-09-18,EX_US,WES,WES.AX,WESFARMERS,Consumer Discretionary,경기소비재,Australia,Asx - All Markets,,0.06,1135282728.0,2026-08-31,0.0,2026-04-22,-8.808378471059086e-10,2026-02-25,0.00024024456918292358,2025-08-28
2026-09-18,EX_US,RACE,RACE.MI,FERRARI,Consumer Discretionary,경기소비재,Italy,Borsa Italiana,,0.05,175609741.0,2026-09-17,-0.0025009424593572804,2026-06-12,-0.007520940655192043,2026-03-18,-0.03884570392896769,2025-09-17
2026-09-18,EX_US,NESN,NESN.SW,NESTLE SA,Consumer Staples,필수소비재,Switzerland,SIX Swiss Exchange,,0.24,2572220000.0,2026-02-26,-0.00019241890084820135,2025-11-16,-0.008805139137921802,2025-08-06,,
2026-09-18,EX_US,ULVR,ULVR.L,UNILEVER PLC,Consumer Staples,필수소비재,United Kingdom,London Stock Exchange,,0.13,2153264756.0,2026-09-01,-0.0056222524551521325,2026-05-27,-0.014474676133127473,2026-02-07,-0.011997989061276249,2025-08-29
2026-09-18,EX_US,BATS,BATS.L,BRITISH AMERICAN TOBACCO,Consumer Staples,필수소비재,United Kingdom,London Stock Exchange,,0.11,2152846530.0,2026-09-15,-0.003436125005748525,2026-06-16,-0.00687132209365704,2026-03-14,-0.020025767594203048,2025-09-15
2026-09-18,EX_US,OR,OR.PA,LOREAL SA,Consumer Staples,필수소비재,France,Nyse Euronext - Euronext Paris,,0.1,532649814.0,2026-08-05,-0.002126532516818491,2026-05-04,-0.002122986195806864,2026-01-09,-0.018267456675988614,2025-08-05
2026-09-18,EX_US,ABI,ABI.BR,ANHEUSER-BUSCH INBEV SA,Consumer Staples,필수소비재,Belgium,Nyse Euronext - Euronext Brussels,,0.07,1969128856.0,2026-09-11,0.01776589859844524,2026-06-10,0.011591550389763894,2026-03-06,0.0016934174933251889,2025-09-10
2026-09-18,EX_US,2914,2914.T,JAPAN TOBACCO,Consumer Staples,필수소비재,Japan,Tokyo Stock Exchange,,0.05,1775357592.0,2026-06-29,-1.7797224516002963e-05,2026-03-29,-0.0002484588900261153,2025-11-16,-0.00013089958712630967,2025-06-27
2026-09-18,EX_US,DGE,DGE.L,DIAGEO PLC,Consumer Staples,필수소비재,United Kingdom,London Stock Exchange,,0.04,2223603196.0,2026-09-01,1.4427055303745107e-06,2026-06-01,7.398944756609183e-05,2026-02-04,-0.003824507368541341,2025-09-01
2026-09-18,EX_US,TSCO,TSCO.L,TESCO PLC,Consumer Staples,필수소비재,United Kingdom,London Stock Exchange,,0.04,6228724955.0,2026-08-05,-0.018333905318168364,2026-05-06,-0.01994464387186734,2026-02-03,-0.048683631852903364,2025-08-05
2026-09-18,EX_US,RKT,RKT.L,RECKITT BENCKISER GROUP PLC,Consumer Staples,필수소비재,United Kingdom,London Stock Exchange,,0.04,634271096.0,2026-09-15,-0.0012246947867412539,2026-06-16,-0.01657612674273412,2026-03-05,-0.023629710398061166,2025-09-15
2026-09-18,EX_US,ATD,ATD.TO,ALIMENTATION COUCHE TARD INC,Consumer Staples,필수소비재,Canada,Toronto Stock Exchange,,0.04,917962609.0,2026-07-21,-0.008423468169920456,2026-03-28,-0.024092479921437038,2025-11-26,-0.031750378666419166,2025-07-18
2026-09-18,EX_US,SHEL,SHEL.L,SHELL PLC,Energy,에너지,United Kingdom,London Stock Exchange,,0.26,5713351303.0,2026-09-17,0.03054439566215561,2026-06-15,0.01579178094227518,2026-03-19,-0.013848409526323047,2025-09-17
2026-09-18,EX_US,TTE,TTE.PA,TOTALENERGIES,Energy,에너지,France,Nyse Euronext - Euronext Paris,,0.17,2209035038.0,2026-09-16,-0.007124213047795647,2026-06-15,0.031538986372158684,2026-03-16,0.01231853518011139,2025-09-16
2026-09-18,EX_US,BP.,BP..L,BP PLC,Energy,에너지,United Kingdom,London Stock Exchange,,0.11,,,,,,,,
2026-09-18,EX_US,ENB,ENB.TO,ENBRIDGE,Energy,에너지,Canada,Toronto Stock Exchange,,0.1,2184108639.0,2026-09-11,0.00018877349304080582,2026-05-12,0.0005078511223086668,2026-02-17,0.0016503877896540953,2025-09-11
2026-09-18,EX_US,CNQ,CNQ.TO,CANADIAN NATURAL RESOURCES LTD,Energy,에너지,Canada,Toronto Stock Exchange,,0.1,2061500000.0,2026-08-08,-0.01160755809772207,2026-05-09,-0.01037248686697323,2025-11-17,-0.015181915462814333,2025-08-08
2026-09-18,EX_US,RELIANCE,RELIANCE.NS,RELIANCE INDUSTRIES LTD,Energy,에너지,India,National Stock Exchange Of India,,0.07,13532472635.0,2026-01-22,7.38962224744455e-11,2025-10-15,-0.0899112914630219,2025-07-24,,
2026-09-18,EX_US,TRP,TRP.TO,TC ENERGY,Energy,에너지,Canada,Toronto Stock Exchange,,0.06,1041766896.0,2026-04-16,0.0007366916426512216,2025-11-17,0.0020598862136673723,2025-10-16,,
2026-09-18,EX_US,ENI,ENI.MI,ENI,Energy,에너지,Italy,Borsa Italiana,,0.05,2871779310.0,2026-09-16,-0.019860986139471737,2026-06-10,-0.02358763224208582,2026-03-06,-0.04320154208423077,2025-09-16
2026-09-18,EX_US,PETR4,PETR4.SA,PETROLEO BRASILEIRO PREF SA,Energy,에너지,Brazil,XBSP,,0.04,13663485771.0,2026-04-10,0.01681331368669703,2025-11-17,0.022207068331520086,2025-10-10,,
2026-09-18,EX_US,CVE,CVE.TO,CENOVUS ENERGY,Energy,에너지,Canada,Toronto Stock Exchange,,0.04,1844245000.0,2026-07-31,-0.01882742876106669,2026-04-07,-0.022348194335222837,2025-11-20,0.01679643205762882,2025-07-31
2026-09-18,EX_US,HSBA,HSBA.L,HSBC HOLDINGS PLC,Financials,금융,United Kingdom,London Stock Exchange,,0.35,17113844763.0,2026-09-17,-0.0020039842637786798,2026-06-01,-0.0015193078717181674,2026-03-10,-0.009678032992704755,2025-09-17
2026-09-18,EX_US,RY,RY.TO,ROYAL BANK OF CANADA,Financials,금융,Canada,Toronto Stock Exchange,,0.27,1384429799.0,2026-08-28,-0.0037928690708516344,2026-05-28,-0.014633809982888102,2025-12-05,-0.01835072906409818,2025-08-23
2026-09-18,EX_US,8306,8306.T,MITSUBISHI UFJ FINANCIAL GROUP,Financials,금융,Japan,Tokyo Stock Exchange,,0.24,11255764758.0,2026-08-27,-0.0028208967605959367,2026-05-17,-0.004972295105313496,2026-02-16,-0.010943034933282969,2025-08-27
2026-09-18,EX_US,SAN,SAN.MC,BANCO SANTANDER,Financials,금융,Spain,Bolsa De Madrid,,0.21,14508705510.0,2026-09-17,0.010341631835116605,2026-06-11,0.0001694458199614779,2026-03-16,-0.02202787165919584,2025-09-17
2026-09-18,EX_US,TD,TD.TO,TORONTO DOMINION,Financials,금융,Canada,Toronto Stock Exchange,,0.2,1638397000.0,2026-08-29,-0.008264878021320143,2026-05-28,-0.02401110311401866,2026-01-20,-0.0488150805814872,2025-08-19
2026-09-18,EX_US,ALV,ALV.DE,ALLIANZ,Financials,금융,Germany,Xetra,,0.19,379286270.0,2026-05-13,-0.01624962090326898,2025-11-16,-0.016249618351727002,2025-10-30,,
2026-09-18,EX_US,CBA,CBA.AX,COMMONWEALTH BANK OF AUSTRALIA,Financials,금융,Australia,Asx - All Markets,,0.18,1671830607.0,2026-08-12,-0.00017529504314994782,2026-02-11,-0.00017529504314994782,2026-02-11,-0.00010131160287085716,2025-08-11
2026-09-18,EX_US,BBVA,BBVA.MC,BANCO BILBAO VIZCAYA ARGENTARIA SA,Financials,금융,Spain,Bolsa De Madrid,,0.16,5518305297.0,2026-08-05,-0.011269827666644638,2026-04-21,-0.026322236093974882,2026-01-04,-0.0413983358764739,2025-07-28
2026-09-18,EX_US,8316,8316.T,SUMITOMO MITSUI FINANCIAL GROUP,Financials,금융,Japan,Tokyo Stock Exchange,,0.16,3799509993.0,2026-08-27,-0.004696941055097659,2026-05-12,-0.0048437262295586425,2026-02-23,-0.012347265644573668,2025-08-27
2026-09-18,EX_US,UBSG,UBSG.SW,UBS GROUP AG,Financials,금융,Switzerland,SIX Swiss Exchange,,0.15,3061742149.0,2026-08-19,-0.06591697925581763,2026-05-05,-0.009689507338619952,2026-02-04,-0.03390080659807193,2025-08-19
2026-09-18,EX_US,ROP,ROP.SW,ROCHE PS PAR AG,Health Care,헬스케어,Switzerland,SIX Swiss Exchange,,0.3,796765913.0,2026-07-23,0.001443251062570372,2026-03-30,,,,
2026-09-18,EX_US,NOVN,NOVN.SW,NOVARTIS AG,Health Care,헬스케어,Switzerland,SIX Swiss Exchange,,0.25,1900714840.0,2026-07-21,-0.0038974045312254457,2026-02-05,-0.01815135011253166,2025-11-16,-0.09740348197221249,2025-07-21
2026-09-18,EX_US,AZN,AZN.L,ASTRAZENECA PLC,Health Care,헬스케어,United Kingdom,London Stock Exchange,,0.24,1550895914.0,2026-09-01,3.084183455759337e-05,2026-05-04,8.739841547922289e-05,2026-02-26,0.0004231048095779677,2025-09-01
2026-09-18,EX_US,NOVO B,NOVO B.CO,NOVO NORDISK CLASS B,Health Care,헬스케어,Denmark,Omx Nordic Exchange Copenhagen A/S,,0.13,,,,,,,,
2026-09-18,EX_US,GSK,GSK.L,GLAXOSMITHKLINE,Health Care,헬스케어,United Kingdom,London Stock Exchange,,0.1,4005611246.0,2026-09-01,-0.0012080576048034697,2026-06-02,-0.001516338607844725,2026-03-03,-0.009088483993944463,2025-09-01
2026-09-18,EX_US,ARGX,ARGX.BR,ARGENX,Health Care,헬스케어,Belgium,Nyse Euronext - Euronext Brussels,,0.06,62187771.0,2026-07-14,0.0,2026-04-06,0.004918362121179909,2026-01-09,0.01614170938187809,2025-07-10
2026-09-18,EX_US,CSL,CSL.AX,CSL,Health Care,헬스케어,Australia,Asx - All Markets,,0.06,479884274.0,2026-09-09,0.0020302164962133773,2026-05-07,-0.010856652305115344,2026-02-19,-0.010549912442240905,2025-09-09
2026-09-18,EX_US,4502,4502.T,TAKEDA PHARMACEUTICAL,Health Care,헬스케어,Japan,Tokyo Stock Exchange,,0.06,1596751439.0,2026-07-08,0.010860386792813426,2026-01-29,0.010861754364652754,2025-11-16,0.011171750429832095,2025-07-08
2026-09-18,EX_US,BAYN,BAYN.DE,BAYER AG,Health Care,헬스케어,Germany,Xetra,,0.05,982424082.0,2026-03-09,-1.0178903275814832e-09,2025-11-16,8.346701618755503e-08,2025-09-05,,
2026-09-18,EX_US,7741,7741.T,HOYA,Health Care,헬스케어,Japan,Tokyo Stock Exchange,,0.05,333561839.0,2026-09-15,-0.0028478795729079964,2026-05-15,-0.01336234439053563,2026-02-16,-0.0255733328269786,2025-09-10
2026-09-18,EX_US,SIE,SIE.DE,SIEMENS N AG,Industrials,산업재,Germany,Xetra,,0.22,780264198.0,2026-08-31,0.02297080876872548,2026-03-23,-0.0037707303526798297,2025-12-09,-0.004822164593329847,2025-08-29
2026-09-18,EX_US,SU,SU.PA,SCHNEIDER ELECTRIC,Industrials,산업재,France,Nyse Euronext - Euronext Paris,,0.17,563301211.0,2026-09-16,0.0015822547445003554,2026-06-16,0.0019179671031748224,2025-12-18,-0.020660886655460398,2025-09-16
2026-09-18,EX_US,RR.,RR..L,ROLLS-ROYCE HOLDINGS PLC,Industrials,산업재,United Kingdom,London Stock Exchange,,0.16,,,,,,,,
2026-09-18,EX_US,6501,6501.T,HITACHI,Industrials,산업재,Japan,Tokyo Stock Exchange,,0.15,4465563424.0,2026-09-15,-0.0069451462067071645,2026-06-12,-0.009977954265866451,2026-03-17,-0.018315816276627372,2025-09-11
2026-09-18,EX_US,ABBN,ABBN.SW,ABB LTD,Industrials,산업재,Switzerland,SIX Swiss Exchange,,0.14,1810763250.0,2026-09-17,-0.0023608688006838685,2026-06-11,-0.003295994425988713,2026-03-10,-0.01594476921293142,2025-09-17
2026-09-18,EX_US,6098,6098.T,RECRUIT HOLDINGS LTD,Industrials,산업재,Japan,Tokyo Stock Exchange,,0.14,1388869636.0,2026-09-10,-0.002348444377354042,2026-06-10,-0.006358144105579444,2026-02-13,-0.028048832745175556,2025-08-27
2026-09-18,EX_US,SAF,SAF.PA,SAFRAN SA,Industrials,산업재,France,Nyse Euronext - Euronext Paris,,0.13,414375800.0,2026-09-16,-0.002327594421345891,2026-06-15,-0.005120891881690737,2026-02-04,-0.026331507391515352,2025-09-16
2026-09-18,EX_US,AIR,AIR.PA,AIRBUS GROUP,Industrials,산업재,France,Nyse Euronext - Euronext Paris,,0.13,791480489.0,2026-08-04,0.005401692171503658,2026-05-05,0.0026614940472995396,2025-11-16,0.005271620647436137,2025-08-02
2026-09-18,EX_US,ENR,ENR.DE,SIEMENS ENERGY N AG,Industrials,산업재,Germany,Xetra,,0.12,850848567.0,2026-05-12,-0.005255949513275127,2025-12-11,0.0615549444715624,2025-11-10,,
2026-09-18,EX_US,8058,8058.T,MITSUBISHI,Industrials,산업재,Japan,Tokyo Stock Exchange,,0.09,3661498671.0,2026-05-03,-0.011970428252041088,2026-01-14,-0.02912016072216117,2025-10-24,,
2026-09-18,EX_US,2330,2330.TW,TAIWAN SEMICONDUCTOR MANUFACTURING,Information Technology,기술,Taiwan,Taiwan Stock Exchange,,1.81,25932370067.0,2026-05-25,-5.955995524997704e-06,2025-11-26,-9.465069182867936e-06,2025-11-16,,
2026-09-18,EX_US,005930,005930.KS,SAMSUNG ELECTRONICS LTD,Information Technology,기술,Korea (South),Korea Exchange (Stock Market),,0.82,6566563106.0,2026-04-27,-0.017875939881038194,2025-11-16,0.008699005596441545,2025-10-27,,
2026-09-18,EX_US,000660,000660.KS,SK HYNIX,Information Technology,기술,Korea (South),Korea Exchange (Stock Market),,0.67,709854891.0,2026-05-08,0.028096857101537864,2025-12-09,0.0281611045812995,2025-11-05,,
2026-09-18,EX_US,ASML,ASML.AS,ASML HOLDING,Information Technology,기술,Netherlands,Euronext Amsterdam,,0.61,384100000.0,2026-07-15,-0.01042818303626325,2026-02-27,-0.010428180486790728,2025-11-16,-0.04868053054588983,2025-07-04
2026-09-18,EX_US,SAP,SAP.DE,SAP,Information Technology,기술,Germany,Xetra,,0.21,1154204232.0,2026-07-28,-0.011438236055706485,2026-03-10,-0.008930072306314596,2025-11-18,-0.07540133875371213,2025-07-28
2026-09-18,EX_US,2454,2454.TW,MEDIATEK,Information Technology,기술,Taiwan,Taiwan Stock Exchange,,0.2,1597167411.0,2026-08-24,0.0006623640377012574,2026-05-15,0.0006623640377012574,2026-02-05,0.0006436647032233012,2025-08-24
2026-09-18,EX_US,SHOP,SHOP.TO,SHOPIFY SUBORDINATE VOTING CLASS A,Information Technology,기술,Canada,Toronto Stock Exchange,,0.15,1286643931.0,2026-08-07,-0.008485061367754843,2026-05-06,-0.01412911169645581,2026-02-04,-0.010015004446947584,2025-08-07
2026-09-18,EX_US,8035,8035.T,TOKYO ELECTRON,Information Technology,기술,Japan,Tokyo Stock Exchange,,0.14,454296856.0,2026-08-17,-0.0055171784491353515,2026-04-13,-0.008957003010786724,2025-11-16,-0.008323677428611398,2025-08-14
2026-09-18,EX_US,6857,6857.T,ADVANTEST,Information Technology,기술,Japan,Tokyo Stock Exchange,,0.14,721952949.0,2026-09-15,-0.003946833684709161,2026-06-14,-0.006103334863428178,2026-02-09,-0.013486905062680021,2025-09-15
2026-09-18,EX_US,285A,285A.T,KIOXIA HOLDINGS,Information Technology,기술,Japan,Tokyo Stock Exchange,,0.12,532505007.0,2026-09-11,-0.02486992669978627,2026-05-17,-0.02305223352101382,2026-03-08,-0.012852281067265436,2025-08-06
2026-09-18,EX_US,BHP,BHP.AX,BHP GROUP LTD,Materials,소재,Australia,Asx - All Markets,,0.21,5082953802.0,2026-08-24,0.00044553356296517244,2026-04-09,-0.0053878646669986985,2025-11-16,0.0015100003804471296,2025-08-24
2026-09-18,EX_US,AI,AI.PA,LAIR LIQUIDE SOCIETE ANONYME POUR,Materials,소재,France,Nyse Euronext - Euronext Paris,,0.11,638163975.0,2026-09-07,0.002629608209790968,2026-06-08,0.003817907560969447,2026-03-04,0.006043498782338119,2025-09-06
2026-09-18,EX_US,RIO,RIO.L,RIO TINTO PLC,Materials,소재,United Kingdom,London Stock Exchange,,0.11,1626359480.0,2026-09-15,6.59977605157458e-05,2026-06-02,0.0003800862424654383,2026-03-11,0.000965948820798257,2025-09-15
2026-09-18,EX_US,AEM,AEM.TO,AGNICO EAGLE MINES,Materials,소재,Canada,Toronto Stock Exchange,,0.1,506364864.0,2026-07-31,0.010729568976982629,2026-03-24,0.008008277707713729,2025-11-17,0.005719876551950831,2025-07-31
2026-09-18,EX_US,GLEN,GLEN.L,GLENCORE PLC,Materials,소재,United Kingdom,London Stock Exchange,,0.07,11731490359.0,2026-09-17,0.0013733170082737,2026-03-17,0.0013733170082737,2026-03-17,-0.008348474105951409,2025-09-17
2026-09-18,EX_US,ABX,ABX.TO,BARRICK MINING,Materials,소재,Canada,Toronto Stock Exchange,,0.07,1645884419.0,2026-08-12,-0.01768056889910119,2026-04-10,-0.024622897072703265,2026-02-07,-0.04278991681648736,2025-08-07
2026-09-18,EX_US,WPM,WPM.TO,WHEATON PRECIOUS METALS,Materials,소재,Canada,Toronto Stock Exchange,,0.07,454159968.0,2026-08-08,0.00013792637620757553,2026-05-09,0.0003129436182609524,2025-11-17,0.0007138437673521736,2025-08-08
2026-09-18,EX_US,4063,4063.T,SHIN ETSU CHEMICAL,Materials,소재,Japan,Tokyo Stock Exchange,,0.06,1815064711.0,2026-09-04,-0.022479053854381537,2026-05-10,-0.031440551491001556,2026-02-09,-0.030952509823602314,2025-09-04
2026-09-18,EX_US,AAL,AAL.L,ANGLO AMERICAN PLC,Materials,소재,United Kingdom,London Stock Exchange,,0.05,1071487947.0,2026-03-10,0.00396256723703825,2025-12-03,0.002627490923382103,2025-09-03,,
2026-09-18,EX_US,BAS,BAS.DE,BASF N,Materials,소재,Germany,Xetra,,0.05,860921903.0,2026-07-29,-0.026464600974960062,2026-04-22,-0.035405575653581156,2025-11-16,-0.03540538111832103,2025-07-29
2026-09-18,EX_US,GMG,GMG.AX,GOODMAN GROUP UNITS,Real Estate,부동산,Australia,Asx - All Markets,,0.04,2054754582.0,2026-08-31,,2026-01-12,0.004871664674429121,2026-01-12,0.006670103086237722,2025-08-31
2026-09-18,EX_US,8802,8802.T,MITSUBISHI ESTATE CO LTD,Real Estate,부동산,Japan,Tokyo Stock Exchange,,0.02,1198213927.0,2026-09-15,-0.005681914947007982,2026-06-12,-0.011850198043181215,2025-12-12,-0.02114699916404217,2025-09-15
2026-09-18,EX_US,8801,8801.T,MITSUI FUDOSAN,Real Estate,부동산,Japan,Tokyo Stock Exchange,,0.02,2692183909.0,2026-09-15,0.00033369030606644756,2026-06-12,-0.01443452476248619,2026-02-16,-0.02892327262012706,2025-09-11
2026-09-18,EX_US,16,0016.HK,SUN HUNG KAI PROPERTIES LTD,Real Estate,부동산,Hong Kong,Hong Kong Exchanges And Clearing Ltd,,0.02,2897780274.0,2026-04-22,-3.4509173296726203e-10,2025-11-16,0.0,2025-10-17,,
2026-09-18,EX_US,1925,1925.T,DAIWA HOUSE INDUSTRY,Real Estate,부동산,Japan,Tokyo Stock Exchange,,0.02,619540262.0,2026-08-26,0.00031188811824489626,2026-05-12,0.00030975456632154064,2025-12-26,0.0015458886747798939,2025-08-05
2026-09-18,EX_US,SGRO,SGRO.L,SEGRO REIT PLC,Real Estate,부동산,United Kingdom,London Stock Exchange,,0.02,1352998323.0,2026-09-10,0.00013767913834294987,2026-06-01,0.00022399426829688984,2025-11-17,-0.005236112008417559,2025-09-10
2026-09-18,EX_US,VNA,VNA.DE,VONOVIA SE,Real Estate,부동산,Germany,Xetra,,0.01,848435623.0,2026-08-14,1.2239145563697207e-05,2026-05-08,0.0004069034931757365,2026-01-16,0.0153342142196502,2025-08-14
2026-09-18,EX_US,SPSN,SPSN.SW,SWISS PRIME SITE AG,Real Estate,부동산,Switzerland,SIX Swiss Exchange,,0.01,80233728.0,2026-08-25,1.071879918335128e-05,2026-02-05,1.071879918335128e-05,2026-02-05,1.0369811405119833e-05,2025-08-25
2026-09-18,EX_US,URW,URW.PA,UNIBAIL RODAMCO WE STAPLED UNITS,Real Estate,부동산,France,Nyse Euronext - Euronext Paris,,0.01,144521900.0,2026-09-03,0.0011370986238210534,2026-05-12,0.007968425476375218,2026-02-05,0.008822543941699568,2025-09-03
2026-09-18,EX_US,IBE,IBE.MC,IBERDROLA,Utilities,유틸리티,Spain,Bolsa De Madrid,,0.14,6673141516.0,2026-07-24,-0.01253418514768423,2026-02-01,-0.0012102358659181744,2026-01-08,-0.0012181025192777861,2025-07-24
2026-09-18,EX_US,ENEL,ENEL.MI,ENEL,Utilities,유틸리티,Italy,Borsa Italiana,,0.08,9920663654.0,2026-08-24,-0.0002620105734015832,2026-04-14,-0.011037677882815289,2026-02-13,-0.022479194238792077,2025-08-22
2026-09-18,EX_US,NG.,NG..L,NATIONAL GRID PLC,Utilities,유틸리티,United Kingdom,London Stock Exchange,,0.07,,,,,,,,
2026-09-18,EX_US,ENGI,ENGI.PA,ENGIE SA,Utilities,유틸리티,France,Nyse Euronext - Euronext Paris,,0.05,2540607984.0,2026-09-09,-0.0001284299235698727,2026-05-11,0.045630488752091525,2026-02-09,0.04478249221722974,2025-09-08
2026-09-18,EX_US,EOAN,EOAN.DE,E.ON N,Utilities,유틸리티,Germany,Xetra,,0.04,2613077958.0,2026-08-12,0.0,2026-04-22,-3.826904348969151e-10,2025-11-16,-8.059454545961131e-07,2025-08-08
2026-09-18,EX_US,RWE,RWE.DE,RWE AG,Utilities,유틸리티,Germany,Xetra,,0.04,779985169.0,2026-08-20,0.09308259920381623,2026-03-18,0.054899530141385045,2025-11-16,0.07423842787428248,2025-08-19
2026-09-18,EX_US,SSE,SSE.L,SSE PLC,Utilities,유틸리티,United Kingdom,London Stock Exchange,,0.04,1206298837.0,2026-09-01,0.0001700066787426735,2026-06-02,0.0007918143377354525,2026-02-03,0.06287451582287651,2025-09-01
2026-09-18,EX_US,FTS,FTS.TO,FORTIS,Utilities,유틸리티,Canada,Toronto Stock Exchange,,0.03,510900000.0,2026-08-05,0.003470615767104279,2026-03-31,0.010882469331222833,2025-11-17,0.014495631453534497,2025-08-02
2026-09-18,EX_US,VIE,VIE.PA,VEOLIA ENVIRON. SA,Utilities,유틸리티,France,Nyse Euronext - Euronext Paris,,0.02,742066023.0,2026-09-16,0.013451278897298025,2026-05-06,0.014486910252293983,2026-02-04,0.017010220618954852,2025-09-16
2026-09-18,EX_US,TRN,TRN.MI,TERNA RETE ELETTRICA NAZIONALE,Utilities,유틸리티,Italy,Borsa Italiana,,0.02,2006544154.0,2026-09-15,-0.00010649914620097789,2026-04-22,0.0004221873204686144,2025-11-16,-0.0005756906003995255,2025-09-15
