Ticker,Name,Sector,Asset Class,Market Value,Weight (%),Notional Value,Quantity,Price,Location,Exchange,Currency,FX Rate,Market Currency,Accrual Date,ISIN
NVDA,NVIDIA,Information Technology,Equity,73627188340.12,8.28,"73,627,188,340.12",322954594.0,227.98,United States,NASDAQ,USD,1.0,USD,-,
AAPL,APPLE,Information Technology,Equity,61607266038.36,6.93,"61,607,266,038.36",195839742.0,314.58,United States,NASDAQ,USD,1.0,USD,-,
MSFT,MICROSOFT,Information Technology,Equity,50026271789.36,5.63,"50,026,271,789.36",99050156.0,505.06,United States,NASDAQ,USD,1.0,USD,-,
AMZN,AMAZON.COM INC,Consumer Discretionary,Equity,33448400308.74,3.76,"33,448,400,308.74",130525249.0,256.26,United States,NASDAQ,USD,1.0,USD,-,
GOOGL,ALPHABET CLASS A,Communication,Equity,26633878992.9,3.0,"26,633,878,992.90",78185466.0,340.65,United States,NASDAQ,USD,1.0,USD,-,
AVGO,BROADCOM INC,Information Technology,Equity,23455907604.74,2.64,"23,455,907,604.74",63131581.0,371.54,United States,NASDAQ,USD,1.0,USD,-,
GOOG,ALPHABET CLASS C,Communication,Equity,21282914442.54,2.39,"21,282,914,442.54",63021274.0,337.71,United States,NASDAQ,USD,1.0,USD,-,
META,META PLATFORMS CLASS A,Communication,Equity,16723062135.6,1.88,"16,723,062,135.60",29282196.0,571.1,United States,NASDAQ,USD,1.0,USD,-,
MU,MICRON TECHNOLOGY,Information Technology,Equity,14066353662.84,1.58,"14,066,353,662.84",15037956.0,935.39,United States,NASDAQ,USD,1.0,USD,-,
TSLA,TESLA INC,Consumer Discretionary,Equity,13319115372.06,1.5,"13,319,115,372.06",37538726.0,354.81,United States,NASDAQ,USD,1.0,USD,-,
JPM,JPMORGAN CHASE & CO,Financials,Equity,12655806653.64,1.42,"12,655,806,653.64",35728662.0,354.22,United States,NYSE,USD,1.0,USD,-,
LLY,ELI LILLY,Health Care,Equity,12405582774.8,1.4,"12,405,582,774.80",10548068.0,1176.1,United States,NYSE,USD,1.0,USD,-,
BRKB,BERKSHIRE HATHAWAY INC CLASS B,Financials,Equity,12313258290.3,1.39,"12,313,258,290.30",24445619.0,503.7,United States,NYSE,USD,1.0,USD,-,
AMD,ADVANCED MICRO DEVICES,Information Technology,Equity,10363951238.01,1.17,"10,363,951,238.01",21742403.0,476.67,United States,NASDAQ,USD,1.0,USD,-,
XOM,EXXONMOBIL HOLDINGS CORP,Energy,Equity,8646138748.08,0.97,"8,646,138,748.08",55268082.0,156.44,United States,NYSE,USD,1.0,USD,-,
JNJ,JOHNSON & JOHNSON,Health Care,Equity,8530545930.75,0.96,"8,530,545,930.75",32097475.0,265.77,United States,NYSE,USD,1.0,USD,-,
V,VISA CLASS A,Financials,Equity,8402099419.74,0.95,"8,402,099,419.74",22130589.0,379.66,United States,NYSE,USD,1.0,USD,-,
MA,MASTERCARD CLASS A,Financials,Equity,6366286972.1,0.72,"6,366,286,972.10",10758770.0,591.73,United States,NYSE,USD,1.0,USD,-,
ABBV,ABBVIE,Health Care,Equity,6081568691.25,0.68,"6,081,568,691.25",23558275.0,258.15,United States,NYSE,USD,1.0,USD,-,
INTC,INTEL CORPORATION,Information Technology,Equity,6063237094.78,0.68,"6,063,237,094.78",65840342.0,92.09,United States,NASDAQ,USD,1.0,USD,-,
WMT,WALMART INC,Consumer Staples,Equity,5999368632.18,0.67,"5,999,368,632.18",58456286.0,102.63,United States,NASDAQ,USD,1.0,USD,-,
CSCO,CISCO SYSTEMS INC,Information Technology,Equity,5906666854.0,0.66,"5,906,666,854.00",52667560.0,112.15,United States,NASDAQ,USD,1.0,USD,-,
PLTR,PALANTIR TECHNOLOGIES CLASS A,Information Technology,Equity,5692402015.62,0.64,"5,692,402,015.62",30615834.0,185.93,United States,NASDAQ,USD,1.0,USD,-,
COST,COSTCO WHOLESALE CORP,Consumer Staples,Equity,5529170965.98,0.62,"5,529,170,965.98",5915703.0,934.66,United States,NASDAQ,USD,1.0,USD,-,
BAC,BANK OF AMERICA,Financials,Equity,5325171783.45,0.6,"5,325,171,783.45",87055285.0,61.17,United States,NYSE,USD,1.0,USD,-,
LRCX,LAM RESEARCH,Information Technology,Equity,5312339021.9,0.6,"5,312,339,021.90",16675055.0,318.58,United States,NASDAQ,USD,1.0,USD,-,
AMAT,APPLIED MATERIAL INC,Information Technology,Equity,5104209553.48,0.57,"5,104,209,553.48",10581743.0,482.36,United States,NASDAQ,USD,1.0,USD,-,
CAT,CATERPILLAR INC,Industrials,Equity,5017736220.0,0.56,"5,017,736,220.00",6141660.0,817.0,United States,NYSE,USD,1.0,USD,-,
CVX,CHEVRON,Energy,Equity,4986724264.56,0.56,"4,986,724,264.56",24962328.0,199.77,United States,NYSE,USD,1.0,USD,-,
MRK,MERCK & CO INC,Health Care,Equity,4924747434.22,0.55,"4,924,747,434.22",32932643.0,149.54,United States,NYSE,USD,1.0,USD,-,
UNH,UNITEDHEALTH GROUP INC,Health Care,Equity,4783735114.45,0.54,"4,783,735,114.45",12109189.0,395.05,United States,NYSE,USD,1.0,USD,-,
GE,GE AEROSPACE,Industrials,Equity,4767882911.32,0.54,"4,767,882,911.32",13911484.0,342.73,United States,NYSE,USD,1.0,USD,-,
KO,COCA-COLA,Consumer Staples,Equity,4598358833.7,0.52,"4,598,358,833.70",51632145.0,89.06,United States,NYSE,USD,1.0,USD,-,
NFLX,NETFLIX,Communication,Equity,4482749973.12,0.5,"4,482,749,973.12",56146668.0,79.84,United States,NASDAQ,USD,1.0,USD,-,
PG,PROCTER & GAMBLE,Consumer Staples,Equity,4444518184.72,0.5,"4,444,518,184.72",31050148.0,143.14,United States,NYSE,USD,1.0,USD,-,
HD,HOME DEPOT,Consumer Discretionary,Equity,4364261194.75,0.49,"4,364,261,194.75",13280975.0,328.61,United States,NYSE,USD,1.0,USD,-,
PANW,PALO ALTO NETWORKS,Information Technology,Equity,4139968766.05,0.47,"4,139,968,766.05",10813553.0,382.85,United States,NASDAQ,USD,1.0,USD,-,
GS,GOLDMAN SACHS GROUP INC,Financials,Equity,4094059175.35,0.46,"4,094,059,175.35",3933305.0,1040.87,United States,NYSE,USD,1.0,USD,-,
PM,PHILIP MORRIS INTERNATIONAL INC,Consumer Staples,Equity,3958503168.48,0.45,"3,958,503,168.48",20781726.0,190.48,United States,NYSE,USD,1.0,USD,-,
RTX,RTX,Industrials,Equity,3808253754.8,0.43,"3,808,253,754.80",17956685.0,212.08,United States,NYSE,USD,1.0,USD,-,
WFC,WELLS FARGO,Financials,Equity,3467151652.37,0.39,"3,467,151,652.37",40804421.0,84.97,United States,NYSE,USD,1.0,USD,-,
ORCL,ORACLE,Information Technology,Equity,3437744755.62,0.39,"3,437,744,755.62",22625673.0,151.94,United States,NYSE,USD,1.0,USD,-,
MS,MORGAN STANLEY,Financials,Equity,3434317727.94,0.39,"3,434,317,727.94",15983979.0,214.86,United States,NYSE,USD,1.0,USD,-,
GEV,GE VERNOVA INC,Industrials,Equity,3417542367.44,0.38,"3,417,542,367.44",3582968.0,953.83,United States,NYSE,USD,1.0,USD,-,
TXN,TEXAS INSTRUMENT INC,Information Technology,Equity,3234488487.84,0.36,"3,234,488,487.84",12135096.0,266.54,United States,NASDAQ,USD,1.0,USD,-,
KLAC,KLA,Information Technology,Equity,3200839886.57,0.36,"3,200,839,886.57",17417641.0,183.77,United States,NASDAQ,USD,1.0,USD,-,
AMGN,AMGEN INC,Health Care,Equity,3144101098.96,0.35,"3,144,101,098.96",7194904.0,436.99,United States,NASDAQ,USD,1.0,USD,-,
TMO,THERMO FISHER SCIENTIFIC INC,Health Care,Equity,3125216258.5,0.35,"3,125,216,258.50",4955155.0,630.7,United States,NYSE,USD,1.0,USD,-,
CRWD,CROWDSTRIKE HOLDINGS CLASS A,Information Technology,Equity,3094786783.68,0.35,"3,094,786,783.68",13576008.0,227.96,United States,NASDAQ,USD,1.0,USD,-,
C,CITIGROUP INC,Financials,Equity,3017378308.96,0.34,"3,017,378,308.96",22741772.0,132.68,United States,NYSE,USD,1.0,USD,-,
IBM,INTERNATIONAL BUSINESS MACHINES,Information Technology,Equity,2992551143.34,0.34,"2,992,551,143.34",12532146.0,238.79,United States,NYSE,USD,1.0,USD,-,
LIN,LINDE PLC,Materials,Equity,2992206532.15,0.34,"2,992,206,532.15",6165049.0,485.35,United States,NASDAQ,USD,1.0,USD,-,
SNDK,SANDISK,Information Technology,Equity,2932137721.5,0.33,"2,932,137,721.50",1974570.0,1484.95,United States,NASDAQ,USD,1.0,USD,-,
MRVL,MARVELL TECHNOLOGY,Information Technology,Equity,2818829514.05,0.32,"2,818,829,514.05",11674589.0,241.45,United States,NASDAQ,USD,1.0,USD,-,
ANET,ARISTA NETWORKS INC,Information Technology,Equity,2768560869.3,0.31,"2,768,560,869.30",13767770.0,201.09,United States,NYSE,USD,1.0,USD,-,
VZ,VERIZON COMMUNICATIONS INC,Communication,Equity,2752087714.38,0.31,"2,752,087,714.38",55676466.0,49.43,United States,NYSE,USD,1.0,USD,-,
CRM,SALESFORCE,Information Technology,Equity,2749401980.05,0.31,"2,749,401,980.05",10908161.0,252.05,United States,NYSE,USD,1.0,USD,-,
APH,AMPHENOL CORP CLASS A,Information Technology,Equity,2647241048.12,0.3,"2,647,241,048.12",16403774.0,161.38,United States,NYSE,USD,1.0,USD,-,
ABT,ABBOTT LABORATORIES,Health Care,Equity,2592491464.28,0.29,"2,592,491,464.28",23232292.0,111.59,United States,NYSE,USD,1.0,USD,-,
PEP,PEPSICO,Consumer Staples,Equity,2546269156.2,0.29,"2,546,269,156.20",18224085.0,139.72,United States,NASDAQ,USD,1.0,USD,-,
STX,SEAGATE TECHNOLOGY HOLDINGS PLC,Information Technology,Equity,2532826396.8,0.28,"2,532,826,396.80",2989644.0,847.2,United States,NASDAQ,USD,1.0,USD,-,
DIS,WALT DISNEY,Communication,Equity,2473337519.1,0.28,"2,473,337,519.10",23154255.0,106.82,United States,NYSE,USD,1.0,USD,-,
GILD,GILEAD SCIENCES,Health Care,Equity,2464403797.08,0.28,"2,464,403,797.08",16555178.0,148.86,United States,NASDAQ,USD,1.0,USD,-,
MCD,MCDONALDS CORP,Consumer Discretionary,Equity,2463763709.68,0.28,"2,463,763,709.68",9473828.0,260.06,United States,NYSE,USD,1.0,USD,-,
ADI,ANALOG DEVICES,Information Technology,Equity,2438052168.6,0.27,"2,438,052,168.60",6509805.0,374.52,United States,NASDAQ,USD,1.0,USD,-,
UNP,UNION PACIFIC,Industrials,Equity,2435654786.84,0.27,"2,435,654,786.84",7916452.0,307.67,United States,NYSE,USD,1.0,USD,-,
AXP,AMERICAN EXPRESS,Financials,Equity,2371292590.64,0.27,"2,371,292,590.64",7096279.0,334.16,United States,NYSE,USD,1.0,USD,-,
T,AT&T INC,Communication,Equity,2356054838.91,0.27,"2,356,054,838.91",92648637.0,25.43,United States,NYSE,USD,1.0,USD,-,
SCHW,CHARLES SCHWAB,Financials,Equity,2355270118.25,0.26,"2,355,270,118.25",21797965.0,108.05,United States,NYSE,USD,1.0,USD,-,
NEE,NEXTERA ENERGY,Utilities,Equity,2320939107.96,0.26,"2,320,939,107.96",27805668.0,83.47,United States,NYSE,USD,1.0,USD,-,
QCOM,QUALCOMM,Information Technology,Equity,2315843496.12,0.26,"2,315,843,496.12",14054154.0,164.78,United States,NASDAQ,USD,1.0,USD,-,
WELL,WELLTOWER,Real Estate,Equity,2255210321.2,0.25,"2,255,210,321.20",9412397.0,239.6,United States,NYSE,USD,1.0,USD,-,
BLK,BLACKROCK,Financials,Equity,2247615450.09,0.25,"2,247,615,450.09",1925037.0,1167.57,United States,NYSE,USD,1.0,USD,-,
BA,BOEING,Industrials,Equity,2206157777.91,0.25,"2,206,157,777.91",10511019.0,209.89,United States,NYSE,USD,1.0,USD,-,
ETN,EATON PLC,Industrials,Equity,2154146117.52,0.24,"2,154,146,117.52",5177738.0,416.04,United States,NYSE,USD,1.0,USD,-,
PFE,PFIZER,Health Care,Equity,2128504246.98,0.24,"2,128,504,246.98",75963749.0,28.02,United States,NYSE,USD,1.0,USD,-,
WDC,WESTERN DIGITAL CORP,Information Technology,Equity,2123233728.0,0.24,"2,123,233,728.00",4595744.0,462.0,United States,NASDAQ,USD,1.0,USD,-,
COP,CONOCOPHILLIPS,Energy,Equity,2103991655.12,0.24,"2,103,991,655.12",16244531.0,129.52,United States,NYSE,USD,1.0,USD,-,
BKNG,BOOKING HOLDINGS,Consumer Discretionary,Equity,2092830474.24,0.24,"2,092,830,474.24",10331904.0,202.56,United States,NASDAQ,USD,1.0,USD,-,
UBER,UBER TECHNOLOGIES,Industrials,Equity,2088604525.05,0.23,"2,088,604,525.05",27142359.0,76.95,United States,NYSE,USD,1.0,USD,-,
DE,DEERE,Industrials,Equity,2085577254.24,0.23,"2,085,577,254.24",3349464.0,622.66,United States,NYSE,USD,1.0,USD,-,
TJX,TJX,Consumer Discretionary,Equity,1979069202.3,0.22,"1,979,069,202.30",14744965.0,134.22,United States,NYSE,USD,1.0,USD,-,
NOW,SERVICENOW INC,Information Technology,Equity,1903562834.98,0.21,"1,903,562,834.98",13751086.0,138.43,United States,NYSE,USD,1.0,USD,-,
NEM,NEWMONT,Materials,Equity,1883140609.47,0.21,"1,883,140,609.47",14234943.0,132.29,United States,NYSE,USD,1.0,USD,-,
VRTX,VERTEX PHARMACEUTICALS,Health Care,Equity,1853184070.1,0.21,"1,853,184,070.10",3384502.0,547.55,United States,NASDAQ,USD,1.0,USD,-,
BMY,BRISTOL MYERS SQUIBB,Health Care,Equity,1822968293.9,0.21,"1,822,968,293.90",27228802.0,66.95,United States,NYSE,USD,1.0,USD,-,
DELL,DELL TECHNOLOGIES INC CLASS C,Information Technology,Equity,1821575769.96,0.2,"1,821,575,769.96",3857146.0,472.26,United States,NYSE,USD,1.0,USD,-,
DHR,DANAHER,Health Care,Equity,1811529966.08,0.2,"1,811,529,966.08",8399156.0,215.68,United States,NYSE,USD,1.0,USD,-,
COF,CAPITAL ONE FINANCIAL CORP,Financials,Equity,1797878259.24,0.2,"1,797,878,259.24",8297772.0,216.67,United States,NYSE,USD,1.0,USD,-,
PLD,PROLOGIS REIT,Real Estate,Equity,1793230960.85,0.2,"1,793,230,960.85",12641741.0,141.85,United States,NYSE,USD,1.0,USD,-,
SPGI,S&P GLOBAL INC,Financials,Equity,1760148976.05,0.2,"1,760,148,976.05",4042695.0,435.39,United States,NYSE,USD,1.0,USD,-,
ISRG,INTUITIVE SURGICAL INC,Health Care,Equity,1733474126.34,0.2,"1,733,474,126.34",4722462.0,367.07,United States,NASDAQ,USD,1.0,USD,-,
PH,PARKER-HANNIFIN CORP,Industrials,Equity,1699870681.6,0.19,"1,699,870,681.60",1681043.0,1011.2,United States,NYSE,USD,1.0,USD,-,
PGR,PROGRESSIVE,Financials,Equity,1695862416.75,0.19,"1,695,862,416.75",7791695.0,217.65,United States,NYSE,USD,1.0,USD,-,
SBUX,STARBUCKS CORP,Consumer Discretionary,Equity,1629962860.72,0.18,"1,629,962,860.72",15196372.0,107.26,United States,NASDAQ,USD,1.0,USD,-,
CB,CHUBB,Financials,Equity,1627228811.25,0.18,"1,627,228,811.25",4809875.0,338.31,United States,NYSE,USD,1.0,USD,-,
GLW,CORNING,Information Technology,Equity,1595647004.8,0.18,"1,595,647,004.80",10442716.0,152.8,United States,NYSE,USD,1.0,USD,-,
CVS,CVS HEALTH,Health Care,Equity,1580876672.28,0.18,"1,580,876,672.28",17013309.0,92.92,United States,NYSE,USD,1.0,USD,-,
ADBE,ADOBE INC,Information Technology,Equity,1558402550.85,0.18,"1,558,402,550.85",5389599.0,289.15,United States,NASDAQ,USD,1.0,USD,-,
LOW,LOWES COMPANIES INC,Consumer Discretionary,Equity,1543956647.92,0.17,"1,543,956,647.92",7468108.0,206.74,United States,NYSE,USD,1.0,USD,-,
MDT,MEDTRONIC PLC,Health Care,Equity,1540199848.86,0.17,"1,540,199,848.86",17119038.0,89.97,United States,NYSE,USD,1.0,USD,-,
ACN,ACCENTURE PLC CLASS A,Information Technology,Equity,1533947582.34,0.17,"1,533,947,582.34",8186293.0,187.38,United States,NYSE,USD,1.0,USD,-,
LMT,LOCKHEED MARTIN CORP,Industrials,Equity,1530843930.33,0.17,"1,530,843,930.33",2705197.0,565.89,United States,NYSE,USD,1.0,USD,-,
ADP,AUTOMATIC DATA PROCESSING INC,Industrials,Equity,1517288318.04,0.17,"1,517,288,318.04",5329803.0,284.68,United States,NASDAQ,USD,1.0,USD,-,
MO,ALTRIA GROUP INC,Consumer Staples,Equity,1506766746.64,0.17,"1,506,766,746.64",22266392.0,67.67,United States,NYSE,USD,1.0,USD,-,
FCX,FREEPORT MCMORAN INC,Materials,Equity,1503196828.38,0.17,"1,503,196,828.38",19168539.0,78.42,United States,NYSE,USD,1.0,USD,-,
BNY,BANK OF NEW YORK MELLON CORP,Financials,Equity,1484842544.64,0.17,"1,484,842,544.64",9152136.0,162.24,United States,NYSE,USD,1.0,USD,-,
SYK,STRYKER,Health Care,Equity,1482470005.48,0.17,"1,482,470,005.48",4602229.0,322.12,United States,NYSE,USD,1.0,USD,-,
FTNT,FORTINET,Information Technology,Equity,1434715704.92,0.16,"1,434,715,704.92",8303714.0,172.78,United States,NASDAQ,USD,1.0,USD,-,
HWM,HOWMET AEROSPACE,Industrials,Equity,1427981000.75,0.16,"1,427,981,000.75",5335255.0,267.65,United States,NYSE,USD,1.0,USD,-,
MCK,MCKESSON CORP,Health Care,Equity,1427370873.19,0.16,"1,427,370,873.19",1602869.0,890.51,United States,NYSE,USD,1.0,USD,-,
BX,BLACKSTONE,Financials,Equity,1422842107.68,0.16,"1,422,842,107.68",9905612.0,143.64,United States,NYSE,USD,1.0,USD,-,
EQIX,EQUINIX REIT,Real Estate,Equity,1415363823.8,0.16,"1,415,363,823.80",1314844.0,1076.45,United States,NASDAQ,USD,1.0,USD,-,
MPC,MARATHON PETROLEUM,Energy,Equity,1415206689.0,0.16,"1,415,206,689.00",3892850.0,363.54,United States,NYSE,USD,1.0,USD,-,
VRT,VERTIV HOLDINGS CLASS A,Industrials,Equity,1379120482.08,0.16,"1,379,120,482.08",5121511.0,269.28,United States,NYSE,USD,1.0,USD,-,
VLO,VALERO ENERGY CORP,Energy,Equity,1372331769.75,0.15,"1,372,331,769.75",3959525.0,346.59,United States,NYSE,USD,1.0,USD,-,
CME,CME GROUP CLASS A,Financials,Equity,1357460500.88,0.15,"1,357,460,500.88",4831852.0,280.94,United States,NASDAQ,USD,1.0,USD,-,
TT,TRANE TECHNOLOGIES PLC,Industrials,Equity,1338954698.37,0.15,"1,338,954,698.37",2947227.0,454.31,United States,NYSE,USD,1.0,USD,-,
SO,SOUTHERN,Utilities,Equity,1338525866.6,0.15,"1,338,525,866.60",15031172.0,89.05,United States,NYSE,USD,1.0,USD,-,
PNC,PNC FINANCIAL SERVICES GROUP,Financials,Equity,1303795884.78,0.15,"1,303,795,884.78",5354178.0,243.51,United States,NYSE,USD,1.0,USD,-,
USB,US BANCORP,Financials,Equity,1291558195.2,0.15,"1,291,558,195.20",20698048.0,62.4,United States,NYSE,USD,1.0,USD,-,
GD,GENERAL DYNAMICS CORP,Industrials,Equity,1286395543.02,0.14,"1,286,395,543.02",3384717.0,380.06,United States,NYSE,USD,1.0,USD,-,
INTU,INTUIT,Information Technology,Equity,1283300808.0,0.14,"1,283,300,808.00",3687646.0,348.0,United States,NASDAQ,USD,1.0,USD,-,
PSX,PHILLIPS 66,Energy,Equity,1282024499.81,0.14,"1,282,024,499.81",5346001.0,239.81,United States,NYSE,USD,1.0,USD,-,
CDNS,CADENCE DESIGN SYSTEMS,Information Technology,Equity,1278118252.95,0.14,"1,278,118,252.95",3677509.0,347.55,United States,NASDAQ,USD,1.0,USD,-,
CSX,CSX,Industrials,Equity,1276966172.64,0.14,"1,276,966,172.64",24776216.0,51.54,United States,NASDAQ,USD,1.0,USD,-,
DUK,DUKE ENERGY CORP,Utilities,Equity,1256128295.64,0.14,"1,256,128,295.64",10394971.0,120.84,United States,NYSE,USD,1.0,USD,-,
CMCSA,COMCAST CLASS A,Communication,Equity,1254630581.31,0.14,"1,254,630,581.31",47505891.0,26.41,United States,NASDAQ,USD,1.0,USD,-,
PWR,QUANTA SERVICES INC,Industrials,Equity,1244125750.67,0.14,"1,244,125,750.67",2000749.0,621.83,United States,NYSE,USD,1.0,USD,-,
MMM,3M,Industrials,Equity,1243659822.75,0.14,"1,243,659,822.75",6954425.0,178.83,United States,NYSE,USD,1.0,USD,-,
MRSH,MARSH INC,Financials,Equity,1220594390.0,0.14,"1,220,594,390.00",6424181.0,190.0,United States,NYSE,USD,1.0,USD,-,
ICE,INTERCONTINENTAL EXCHANGE INC,Financials,Equity,1215856340.88,0.14,"1,215,856,340.88",7540662.0,161.24,United States,NYSE,USD,1.0,USD,-,
WMB,WILLIAMS,Energy,Equity,1209847193.04,0.14,"1,209,847,193.04",16307416.0,74.19,United States,NYSE,USD,1.0,USD,-,
CEG,CONSTELLATION ENERGY CORP,Utilities,Equity,1203824588.44,0.14,"1,203,824,588.44",4262684.0,282.41,United States,NASDAQ,USD,1.0,USD,-,
SNPS,SYNOPSYS,Information Technology,Equity,1187356023.62,0.13,"1,187,356,023.62",2554058.0,464.89,United States,NASDAQ,USD,1.0,USD,-,
EMR,EMERSON ELECTRIC,Industrials,Equity,1177871013.48,0.13,"1,177,871,013.48",7468588.0,157.71,United States,NYSE,USD,1.0,USD,-,
DASH,DOORDASH CLASS A,Consumer Discretionary,Equity,1170110447.08,0.13,"1,170,110,447.08",5045972.0,231.89,United States,NASDAQ,USD,1.0,USD,-,
HOOD,ROBINHOOD MARKETS CLASS A,Financials,Equity,1157930462.08,0.13,"1,157,930,462.08",10549658.0,109.76,United States,NASDAQ,USD,1.0,USD,-,
JCI,JOHNSON CONTROLS INTERNATIONAL PLC,Industrials,Equity,1156942771.13,0.13,"1,156,942,771.13",8135453.0,142.21,United States,NYSE,USD,1.0,USD,-,
ELV,ELEVANCE HEALTH INC,Health Care,Equity,1155614623.69,0.13,"1,155,614,623.69",2895479.0,399.11,United States,NYSE,USD,1.0,USD,-,
APP,APPLOVIN CLASS A,Communication,Equity,1121458520.25,0.13,"1,121,458,520.25",3587175.0,312.63,United States,NASDAQ,USD,1.0,USD,-,
TMUS,T MOBILE US INC,Communication,Equity,1102869605.25,0.12,"1,102,869,605.25",6204611.0,177.75,United States,NASDAQ,USD,1.0,USD,-,
SLB,SLB,Energy,Equity,1096621874.55,0.12,"1,096,621,874.55",19934955.0,55.01,United States,NYSE,USD,1.0,USD,-,
AMT,AMERICAN TOWER REIT,Real Estate,Equity,1081932948.88,0.12,"1,081,932,948.88",6212293.0,174.16,United States,NYSE,USD,1.0,USD,-,
MSI,MOTOROLA SOLUTIONS INC,Information Technology,Equity,1076750970.12,0.12,"1,076,750,970.12",2213078.0,486.54,United States,NYSE,USD,1.0,USD,-,
REGN,REGENERON PHARMACEUTICALS,Health Care,Equity,1076112840.71,0.12,"1,076,112,840.71",1332301.0,807.71,United States,NASDAQ,USD,1.0,USD,-,
WM,WASTE MANAGEMENT INC,Industrials,Equity,1072765460.16,0.12,"1,072,765,460.16",4926366.0,217.76,United States,NYSE,USD,1.0,USD,-,
DDOG,DATADOG INC CLASS A,Information Technology,Equity,1071569574.46,0.12,"1,071,569,574.46",4411022.0,242.93,United States,NASDAQ,USD,1.0,USD,-,
MDLZ,MONDELEZ INTERNATIONAL INC CLASS A,Consumer Staples,Equity,1068551130.84,0.12,"1,068,551,130.84",17115988.0,62.43,United States,NASDAQ,USD,1.0,USD,-,
CMI,CUMMINS INC,Industrials,Equity,1055809469.22,0.12,"1,055,809,469.22",1839806.0,573.87,United States,NYSE,USD,1.0,USD,-,
SHW,SHERWIN WILLIAMS,Materials,Equity,1055728126.2,0.12,"1,055,728,126.20",3058220.0,345.21,United States,NYSE,USD,1.0,USD,-,
UPS,UNITED PARCEL SERVICE INC CLASS B,Industrials,Equity,1052031824.08,0.12,"1,052,031,824.08",9954881.0,105.68,United States,NYSE,USD,1.0,USD,-,
TRV,TRAVELERS COMPANIES,Financials,Equity,1047283966.56,0.12,"1,047,283,966.56",2835632.0,369.33,United States,NYSE,USD,1.0,USD,-,
NSC,NORFOLK SOUTHERN CORP,Industrials,Equity,1042047566.56,0.12,"1,042,047,566.56",2994992.0,347.93,United States,NYSE,USD,1.0,USD,-,
GM,GENERAL MOTORS,Consumer Discretionary,Equity,1036112494.08,0.12,"1,036,112,494.08",12022656.0,86.18,United States,NYSE,USD,1.0,USD,-,
MAR,MARRIOTT INTERNATIONAL CLASS A,Consumer Discretionary,Equity,1032646448.24,0.12,"1,032,646,448.24",2918152.0,353.87,United States,NASDAQ,USD,1.0,USD,-,
ABNB,AIRBNB CLASS A,Consumer Discretionary,Equity,1027603114.0,0.12,"1,027,603,114.00",5572685.0,184.4,United States,NASDAQ,USD,1.0,USD,-,
EOG,EOG RESOURCES,Energy,Equity,1026278448.5,0.12,"1,026,278,448.50",7102273.0,144.5,United States,NYSE,USD,1.0,USD,-,
MCO,MOODYS CORP,Financials,Equity,1019624070.24,0.11,"1,019,624,070.24",2003112.0,509.02,United States,NYSE,USD,1.0,USD,-,
KKR,KKR AND CO INC,Financials,Equity,1007782271.4,0.11,"1,007,782,271.40",9218645.0,109.32,United States,NYSE,USD,1.0,USD,-,
TGT,TARGET CORP,Consumer Staples,Equity,1005508587.48,0.11,"1,005,508,587.48",6059836.0,165.93,United States,NYSE,USD,1.0,USD,-,
AON,AON PLC CLASS A,Financials,Equity,995451799.68,0.11,"995,451,799.68",2847728.0,349.56,United States,NYSE,USD,1.0,USD,-,
LITE,LUMENTUM HOLDINGS,Information Technology,Equity,991748565.88,0.11,"991,748,565.88",1037242.0,956.14,United States,NASDAQ,USD,1.0,USD,-,
HLT,HILTON WORLDWIDE HOLDINGS INC,Consumer Discretionary,Equity,988516963.2,0.11,"988,516,963.20",3035240.0,325.68,United States,NYSE,USD,1.0,USD,-,
ROST,ROSS STORES INC,Consumer Discretionary,Equity,987369346.06,0.11,"987,369,346.06",4295338.0,229.87,United States,NASDAQ,USD,1.0,USD,-,
ITW,ILLINOIS TOOL INC,Industrials,Equity,983254199.34,0.11,"983,254,199.34",3490802.0,281.67,United States,NYSE,USD,1.0,USD,-,
CI,CIGNA,Health Care,Equity,979086078.26,0.11,"979,086,078.26",3526078.0,277.67,United States,NYSE,USD,1.0,USD,-,
NOC,NORTHROP GRUMMAN CORP,Industrials,Equity,970584885.45,0.11,"970,584,885.45",1780465.0,545.13,United States,NYSE,USD,1.0,USD,-,
CL,COLGATE-PALMOLIVE,Consumer Staples,Equity,970504451.04,0.11,"970,504,451.04",10669574.0,90.96,United States,NYSE,USD,1.0,USD,-,
ORLY,OREILLY AUTOMOTIVE INC,Consumer Discretionary,Equity,970538451.19,0.11,"970,538,451.19",11050193.0,87.83,United States,NASDAQ,USD,1.0,USD,"Jan 01, 1970",
FDX,FEDEX CORP,Industrials,Equity,970131521.85,0.11,"970,131,521.85",2927285.0,331.41,United States,NYSE,USD,1.0,USD,-,
ECL,ECOLAB,Materials,Equity,965592692.51,0.11,"965,592,692.51",3377261.0,285.91,United States,NYSE,USD,1.0,USD,-,
HPE,HEWLETT PACKARD ENTERPRISE,Information Technology,Equity,962621611.18,0.11,"962,621,611.18",17691998.0,54.41,United States,NYSE,USD,1.0,USD,-,
WBD,WARNER BROS. DISCOVERY SERIES A,Communication,Equity,954397100.08,0.11,"954,397,100.08",33046991.0,28.88,United States,NASDAQ,USD,1.0,USD,-,
RCL,ROYAL CARIBBEAN GROUP,Consumer Discretionary,Equity,947180435.2,0.11,"947,180,435.20",3325774.0,284.8,United States,NYSE,USD,1.0,USD,-,
HON,HONEYWELL INTERNATIONAL INC,Industrials,Equity,932810592.55,0.1,"932,810,592.55",4232545.0,220.39,United States,NASDAQ,USD,1.0,USD,-,
SPG,SIMON PROPERTY GROUP REIT INC,Real Estate,Equity,929108288.94,0.1,"929,108,288.94",4323646.0,214.89,United States,NYSE,USD,1.0,USD,-,
CTAS,CINTAS,Industrials,Equity,925762067.25,0.1,"925,762,067.25",4534715.0,204.15,United States,NASDAQ,USD,1.0,USD,-,
BSX,BOSTON SCIENTIFIC CORP,Health Care,Equity,924950163.15,0.1,"924,950,163.15",19818945.0,46.67,United States,NYSE,USD,1.0,USD,-,
APD,AIR PRODUCTS AND CHEMICALS,Materials,Equity,906922712.74,0.1,"906,922,712.74",2968942.0,305.47,United States,NYSE,USD,1.0,USD,-,
DLR,DIGITAL REALTY TRUST REIT,Real Estate,Equity,891059692.0,0.1,"891,059,692.00",4638520.0,192.1,United States,NYSE,USD,1.0,USD,-,
AJG,ARTHUR J GALLAGHER,Financials,Equity,891087112.3,0.1,"891,087,112.30",3425282.0,260.15,United States,NYSE,USD,1.0,USD,-,
AEP,AMERICAN ELECTRIC POWER INC,Utilities,Equity,890246692.93,0.1,"890,246,692.93",7254883.0,122.71,United States,NASDAQ,USD,1.0,USD,-,
MNST,MONSTER BEVERAGE,Consumer Staples,Equity,889139513.0,0.1,"889,139,513.00",19039390.0,46.7,United States,NASDAQ,USD,1.0,USD,-,
PCAR,PACCAR INC,Industrials,Equity,887994956.16,0.1,"887,994,956.16",7017504.0,126.54,United States,NASDAQ,USD,1.0,USD,-,
ALL,ALLSTATE CORP,Financials,Equity,885557157.1,0.1,"885,557,157.10",3437455.0,257.62,United States,NYSE,USD,1.0,USD,-,
TDG,TRANSDIGM GROUP,Industrials,Equity,885252898.16,0.1,"885,252,898.16",746117.0,1186.48,United States,NYSE,USD,1.0,USD,-,
HCA,HCA HEALTHCARE,Health Care,Equity,868216212.9,0.1,"868,216,212.90",2070435.0,419.34,United States,NYSE,USD,1.0,USD,-,
URI,UNITED RENTALS,Industrials,Equity,866399700.76,0.1,"866,399,700.76",835076.0,1037.51,United States,NYSE,USD,1.0,USD,-,
MPWR,MONOLITHIC POWER SYSTEMS INC,Information Technology,Equity,859235944.2,0.1,"859,235,944.20",655365.0,1311.08,United States,NASDAQ,USD,1.0,USD,-,
CRH,CRH PUBLIC LIMITED PLC,Materials,Equity,851567524.92,0.1,"851,567,524.92",8909474.0,95.58,United States,NYSE,USD,1.0,USD,-,
TFC,TRUIST FINANCIAL,Financials,Equity,835599997.8,0.09,"835,599,997.80",16612326.0,50.3,United States,NYSE,USD,1.0,USD,-,
COR,CENCORA,Health Care,Equity,833335829.69,0.09,"833,335,829.69",2594203.0,321.23,United States,NYSE,USD,1.0,USD,-,
TRGP,TARGA RESOURCES,Energy,Equity,827028933.65,0.09,"827,028,933.65",2862187.0,288.95,United States,NYSE,USD,1.0,USD,-,
KMI,KINDER MORGAN,Energy,Equity,823374976.52,0.09,"823,374,976.52",26105738.0,31.54,United States,NYSE,USD,1.0,USD,-,
BKR,BAKER HUGHES CLASS A,Energy,Equity,821454748.55,0.09,"821,454,748.55",13225805.0,62.11,United States,NASDAQ,USD,1.0,USD,-,
APO,APOLLO GLOBAL MANAGEMENT,Financials,Equity,820621038.72,0.09,"820,621,038.72",6149738.0,133.44,United States,NYSE,USD,1.0,USD,-,
OKE,ONEOK,Energy,Equity,795711651.84,0.09,"795,711,651.84",8400672.0,94.72,United States,NYSE,USD,1.0,USD,-,
TEL,TE CONNECTIVITY PLC,Information Technology,Equity,790140351.0,0.09,"790,140,351.00",3892317.0,203.0,United States,NYSE,USD,1.0,USD,-,
FAST,FASTENAL,Industrials,Equity,782754381.67,0.09,"782,754,381.67",15307605.0,51.13,United States,NASDAQ,USD,1.0,USD,-,
D,DOMINION ENERGY,Utilities,Equity,779809191.0,0.09,"779,809,191.00",11726454.0,66.5,United States,NYSE,USD,1.0,USD,-,
TER,TERADYNE,Information Technology,Equity,776609023.32,0.09,"776,609,023.32",2087322.0,372.06,United States,NASDAQ,USD,1.0,USD,-,
COHR,COHERENT,Information Technology,Equity,770614908.95,0.09,"770,614,908.95",2608805.0,295.39,United States,NYSE,USD,1.0,USD,-,
O,REALTY INCOME REIT,Real Estate,Equity,768406553.4,0.09,"768,406,553.40",12433763.0,61.8,United States,NYSE,USD,1.0,USD,-,
NUE,NUCOR,Materials,Equity,766308129.39,0.09,"766,308,129.39",3036447.0,252.37,United States,NYSE,USD,1.0,USD,-,
GWW,WW GRAINGER INC,Industrials,Equity,764931741.6,0.09,"764,931,741.60",579020.0,1321.08,United States,NYSE,USD,1.0,USD,-,
ADSK,AUTODESK,Information Technology,Equity,761832330.74,0.09,"761,832,330.74",2815553.0,270.58,United States,NASDAQ,USD,1.0,USD,-,
NXPI,NXP SEMICONDUCTORS NV,Information Technology,Equity,760375081.22,0.09,"760,375,081.22",3366577.0,225.86,United States,NASDAQ,USD,1.0,USD,-,
FIX,COMFORT SYSTEMS USA,Industrials,Equity,756367808.1,0.09,"756,367,808.10",468345.0,1614.98,United States,NYSE,USD,1.0,USD,-,
CIEN,CIENA,Information Technology,Equity,753711652.1,0.08,"753,711,652.10",1884986.0,399.85,United States,NYSE,USD,1.0,USD,-,
KEYS,KEYSIGHT TECHNOLOGIES,Information Technology,Equity,745144801.06,0.08,"745,144,801.06",2286983.0,325.82,United States,NYSE,USD,1.0,USD,-,
AME,AMETEK INC,Industrials,Equity,744663561.11,0.08,"744,663,561.11",3056033.0,243.67,United States,NYSE,USD,1.0,USD,-,
SRE,SEMPRA,Utilities,Equity,738703374.0,0.08,"738,703,374.00",8716264.0,84.75,United States,NYSE,USD,1.0,USD,-,
CTVA,CORTEVA,Materials,Equity,734854076.8,0.08,"734,854,076.80",8918132.0,82.4,United States,NYSE,USD,1.0,USD,-,
CAH,CARDINAL HEALTH,Health Care,Equity,734263728.87,0.08,"734,263,728.87",3122799.0,235.13,United States,NYSE,USD,1.0,USD,-,
F,FORD MOTOR CO,Consumer Discretionary,Equity,728006125.05,0.08,"728,006,125.05",52186819.0,13.95,United States,NYSE,USD,1.0,USD,-,
DVN,DEVON ENERGY,Energy,Equity,724387163.04,0.08,"724,387,163.04",15373242.0,47.12,United States,NYSE,USD,1.0,USD,-,
PYPL,PAYPAL HOLDINGS,Financials,Equity,723014442.9,0.08,"723,014,442.90",11762070.0,61.47,United States,NASDAQ,USD,1.0,USD,-,
STT,STATE STREET,Financials,Equity,713624830.31,0.08,"713,624,830.31",3690463.0,193.37,United States,NYSE,USD,1.0,USD,-,
AFL,AFLAC,Financials,Equity,712061313.6,0.08,"712,061,313.60",6107920.0,116.58,United States,NYSE,USD,1.0,USD,-,
CVNA,CARVANA CLASS A,Consumer Discretionary,Equity,707611659.36,0.08,"707,611,659.36",9550704.0,74.09,United States,NYSE,USD,1.0,USD,-,
DAL,DELTA AIR LINES,Industrials,Equity,706975416.48,0.08,"706,975,416.48",8713032.0,81.14,United States,NYSE,USD,1.0,USD,-,
PSA,PUBLIC STORAGE REIT,Real Estate,Equity,695986974.4,0.08,"695,986,974.40",2236462.0,311.2,United States,NYSE,USD,1.0,USD,-,
MET,METLIFE,Financials,Equity,693645356.25,0.08,"693,645,356.25",7206705.0,96.25,United States,NYSE,USD,1.0,USD,-,
BDX,BECTON DICKINSON,Health Care,Equity,691175886.51,0.08,"691,175,886.51",3673927.0,188.13,United States,NYSE,USD,1.0,USD,-,
EW,EDWARDS LIFESCIENCES,Health Care,Equity,690622967.3,0.08,"690,622,967.30",7677854.0,89.95,United States,NYSE,USD,1.0,USD,-,
HONA,HONEYWELL AEROSPACE INC,Industrials,Equity,680381608.75,0.08,"680,381,608.75",4232545.0,160.75,United States,NASDAQ,USD,1.0,USD,-,
WAB,WESTINGHOUSE AIR BRAKE TECHNOLOGIE,Industrials,Equity,672651294.08,0.08,"672,651,294.08",2262686.0,297.28,United States,NYSE,USD,1.0,USD,-,
MRNA,MODERNA INC,Health Care,Equity,672242253.36,0.08,"672,242,253.36",4708568.0,142.77,United States,NASDAQ,USD,1.0,USD,-,
AMP,AMERIPRISE FINANCE INC,Financials,Equity,667490885.4,0.08,"667,490,885.40",1201020.0,555.77,United States,NYSE,USD,1.0,USD,-,
FITB,FIFTH THIRD BANCORP,Financials,Equity,662851334.85,0.07,"662,851,334.85",12084801.0,54.85,United States,NYSE,USD,1.0,USD,-,
AXON,AXON ENTERPRISE,Industrials,Equity,656936707.2,0.07,"656,936,707.20",1074831.0,611.2,United States,NASDAQ,USD,1.0,USD,-,
LHX,L3HARRIS TECHNOLOGIES,Industrials,Equity,650723214.68,0.07,"650,723,214.68",2483866.0,261.98,United States,NYSE,USD,1.0,USD,-,
ETR,ENTERGY CORP,Utilities,Equity,650156591.7,0.07,"650,156,591.70",6105330.0,106.49,United States,NYSE,USD,1.0,USD,-,
AZO,AUTOZONE,Consumer Discretionary,Equity,644998239.13,0.07,"644,998,239.13",219961.0,2932.33,United States,NYSE,USD,1.0,USD,-,
ROK,ROCKWELL AUTOMATION INC,Industrials,Equity,642534329.0,0.07,"642,534,329.00",1483913.0,433.0,United States,NYSE,USD,1.0,USD,-,
XEL,XCEL ENERGY INC,Utilities,Equity,642283080.72,0.07,"642,283,080.72",8324042.0,77.16,United States,NASDAQ,USD,1.0,USD,-,
VMRK,VIVMARK RESIDENTIAL,Real Estate,Equity,636677947.0,0.07,"636,677,947.00",9720274.0,65.5,United States,NYSE,USD,1.0,USD,-,
CMG,CHIPOTLE MEXICAN GRILL,Consumer Discretionary,Equity,636614602.0,0.07,"636,614,602.00",17104100.0,37.22,United States,NYSE,USD,1.0,USD,-,
GRMN,GARMIN,Consumer Discretionary,Equity,634126858.75,0.07,"634,126,858.75",2187625.0,289.87,United States,NYSE,USD,1.0,USD,-,
HUM,HUMANA,Health Care,Equity,628610838.38,0.07,"628,610,838.38",1601026.0,392.63,United States,NYSE,USD,1.0,USD,-,
NKE,NIKE CLASS B,Consumer Discretionary,Equity,614804516.56,0.07,"614,804,516.56",15993874.0,38.44,United States,NYSE,USD,1.0,USD,-,
CARR,CARRIER GLOBAL,Industrials,Equity,612553643.48,0.07,"612,553,643.48",10410497.0,58.84,United States,NYSE,USD,1.0,USD,-,
EBAY,EBAY,Consumer Discretionary,Equity,605459467.62,0.07,"605,459,467.62",5920206.0,102.27,United States,NASDAQ,USD,1.0,USD,-,
XYZ,BLOCK CLASS A,Financials,Equity,605505466.95,0.07,"605,505,466.95",7136187.0,84.85,United States,NYSE,USD,1.0,USD,-,
FERG,FERGUSON ENTERPRISES INC,Industrials,Equity,602491919.2,0.07,"602,491,919.20",2582920.0,233.26,United States,NYSE,USD,1.0,USD,-,
VTR,VENTAS REIT,Real Estate,Equity,602186920.44,0.07,"602,186,920.44",6482796.0,92.89,United States,NYSE,USD,1.0,USD,-,
EXC,EXELON CORP,Utilities,Equity,599768875.44,0.07,"599,768,875.44",13643514.0,43.96,United States,NASDAQ,USD,1.0,USD,-,
A,AGILENT TECHNOLOGIES INC,Health Care,Equity,594180177.63,0.07,"594,180,177.63",3768027.0,157.69,United States,NYSE,USD,1.0,USD,-,
NDAQ,NASDAQ INC,Financials,Equity,591875141.25,0.07,"591,875,141.25",5957475.0,99.35,United States,NASDAQ,USD,1.0,USD,-,
VST,VISTRA,Utilities,Equity,590844749.55,0.07,"590,844,749.55",4226055.0,139.81,United States,NYSE,USD,1.0,USD,-,
RSG,REPUBLIC SERVICES INC,Industrials,Equity,584659116.03,0.07,"584,659,116.03",2666389.0,219.27,United States,NYSE,USD,1.0,USD,-,
IQV,IQVIA HOLDINGS,Health Care,Equity,583906224.36,0.07,"583,906,224.36",2225422.0,262.38,United States,NYSE,USD,1.0,USD,-,
KDP,KEURIG DR PEPPER INC,Consumer Staples,Equity,578356343.96,0.07,"578,356,343.96",18141667.0,31.88,United States,NASDAQ,USD,1.0,USD,-,
CBRE,CBRE GROUP CLASS A,Real Estate,Equity,574786776.62,0.06,"574,786,776.62",3904271.0,147.22,United States,NYSE,USD,1.0,USD,-,
IBKR,INTERACTIVE BROKERS GROUP INC CLAS,Financials,Equity,573514530.9,0.06,"573,514,530.90",5940078.0,96.55,United States,NASDAQ,USD,1.0,USD,-,
IDXX,IDEXX LABORATORIES INC,Health Care,Equity,573374557.72,0.06,"573,374,557.72",1051909.0,545.08,United States,NASDAQ,USD,1.0,USD,-,
OXY,OCCIDENTAL PETROLEUM CORP,Energy,Equity,572854591.68,0.06,"572,854,591.68",9681504.0,59.17,United States,NYSE,USD,1.0,USD,-,
ROP,ROPER TECHNOLOGIES,Information Technology,Equity,568867191.94,0.06,"568,867,191.94",1345826.0,422.69,United States,NASDAQ,USD,1.0,USD,-,
COIN,COINBASE GLOBAL INC CLASS A,Financials,Equity,565607814.4,0.06,"565,607,814.40",2965645.0,190.72,United States,NASDAQ,USD,1.0,USD,-,
FLEX,FLEX LTD,Information Technology,Equity,565282001.8,0.06,"565,282,001.80",4902706.0,115.3,United States,NASDAQ,USD,1.0,USD,-,
VEEV,VEEVA SYSTEMS CLASS A,Health Care,Equity,564775733.64,0.06,"564,775,733.64",2001828.0,282.13,United States,NYSE,USD,1.0,USD,-,
PRU,PRUDENTIAL FINANCIAL INC,Financials,Equity,556958128.87,0.06,"556,958,128.87",4627051.0,120.37,United States,NYSE,USD,1.0,USD,-,
YUM,YUM BRANDS,Consumer Discretionary,Equity,554002933.5,0.06,"554,002,933.50",3674978.0,150.75,United States,NYSE,USD,1.0,USD,-,
MSCI,MSCI INC,Financials,Equity,552369181.4,0.06,"552,369,181.40",970516.0,569.15,United States,NYSE,USD,1.0,USD,-,
WAT,WATERS CORP,Health Care,Equity,551496320.34,0.06,"551,496,320.34",1309159.0,421.26,United States,NYSE,USD,1.0,USD,-,
MCHP,MICROCHIP TECHNOLOGY INC,Information Technology,Equity,544715080.25,0.06,"544,715,080.25",7215725.0,75.49,United States,NASDAQ,USD,1.0,USD,-,
PAYX,PAYCHEX,Industrials,Equity,543789629.76,0.06,"543,789,629.76",4299412.0,126.48,United States,NASDAQ,USD,1.0,USD,-,
AIG,AMERICAN INTERNATIONAL GROUP,Financials,Equity,541743677.89,0.06,"541,743,677.89",7069603.0,76.63,United States,NYSE,USD,1.0,USD,-,
TTWO,TAKE TWO INTERACTIVE SOFTWARE,Communication,Equity,540758516.0,0.06,"540,758,516.00",2320852.0,233.0,United States,NASDAQ,USD,1.0,USD,-,
PCG,PG&E CORP,Utilities,Equity,527087838.75,0.06,"527,087,838.75",29364225.0,17.95,United States,NYSE,USD,1.0,USD,-,
SYY,SYSCO,Consumer Staples,Equity,525707713.55,0.06,"525,707,713.55",6376079.0,82.45,United States,NYSE,USD,1.0,USD,-,
WDAY,WORKDAY CLASS A,Information Technology,Equity,525741346.39,0.06,"525,741,346.39",2716027.0,193.57,United States,NASDAQ,USD,1.0,USD,-,
ED,CONSOLIDATED EDISON,Utilities,Equity,524255029.04,0.06,"524,255,029.04",4913816.0,106.69,United States,NYSE,USD,1.0,USD,-,
FANG,DIAMONDBACK ENERGY,Energy,Equity,519005314.44,0.06,"519,005,314.44",2588297.0,200.52,United States,NASDAQ,USD,1.0,USD,-,
DHI,D R HORTON,Consumer Discretionary,Equity,510786889.38,0.06,"510,786,889.38",3516363.0,145.26,United States,NYSE,USD,1.0,USD,-,
ADM,ARCHER DANIELS MIDLAND,Consumer Staples,Equity,508717649.3,0.06,"508,717,649.30",6431323.0,79.1,United States,NYSE,USD,1.0,USD,-,
HIG,HARTFORD INSURANCE GROUP,Financials,Equity,503662996.2,0.06,"503,662,996.20",3655029.0,137.8,United States,NYSE,USD,1.0,USD,-,
NTAP,NETAPP INC,Information Technology,Equity,501643042.32,0.06,"501,643,042.32",2631363.0,190.64,United States,NASDAQ,USD,1.0,USD,-,
KVUE,KENVUE,Consumer Staples,Equity,491543193.6,0.06,"491,543,193.60",25601208.0,19.2,United States,NYSE,USD,1.0,USD,-,
ODFL,OLD DOMINION FREIGHT LINE,Industrials,Equity,488152801.92,0.05,"488,152,801.92",2440032.0,200.06,United States,NASDAQ,USD,1.0,USD,-,
PEG,PUBLIC SERVICE ENTERPRISE GROUP,Utilities,Equity,487261570.74,0.05,"487,261,570.74",6644778.0,73.33,United States,NYSE,USD,1.0,USD,-,
EXPE,EXPEDIA GROUP,Consumer Discretionary,Equity,486988288.64,0.05,"486,988,288.64",1526992.0,318.92,United States,NASDAQ,USD,1.0,USD,-,
KMB,KIMBERLY CLARK,Consumer Staples,Equity,486781598.16,0.05,"486,781,598.16",4426092.0,109.98,United States,NASDAQ,USD,1.0,USD,-,
IRM,IRON MOUNTAIN INC,Real Estate,Equity,486736749.52,0.05,"486,736,749.52",3967208.0,122.69,United States,NYSE,USD,1.0,USD,-,
UAL,UNITED AIRLINES HOLDINGS,Industrials,Equity,486479215.88,0.05,"486,479,215.88",4328492.0,112.39,United States,NASDAQ,USD,1.0,USD,-,
VMC,VULCAN MATERIALS,Materials,Equity,473728733.4,0.05,"473,728,733.40",1729884.0,273.85,United States,NYSE,USD,1.0,USD,-,
MTB,M&T BANK,Financials,Equity,466048716.12,0.05,"466,048,716.12",1952609.0,238.68,United States,NYSE,USD,1.0,USD,-,
WEC,WEC ENERGY GROUP,Utilities,Equity,461573827.44,0.05,"461,573,827.44",4342998.0,106.28,United States,NYSE,USD,1.0,USD,-,
DXCM,DEXCOM INC,Health Care,Equity,459904038.62,0.05,"459,904,038.62",5150678.0,89.29,United States,NASDAQ,USD,1.0,USD,-,
NTRS,NORTHERN TRUST,Financials,Equity,459652518.36,0.05,"459,652,518.36",2467668.0,186.27,United States,NASDAQ,USD,1.0,USD,-,
EME,EMCOR GROUP INC,Industrials,Equity,459336756.48,0.05,"459,336,756.48",592662.0,775.04,United States,NYSE,USD,1.0,USD,-,
ACGL,ARCH CAPITAL GROUP,Financials,Equity,458222401.32,0.05,"458,222,401.32",4639757.0,98.76,United States,NASDAQ,USD,1.0,USD,-,
EQT,EQT,Energy,Equity,457406780.47,0.05,"457,406,780.47",8351411.0,54.77,United States,NYSE,USD,1.0,USD,-,
RMD,RESMED,Health Care,Equity,455953002.96,0.05,"455,953,002.96",1933971.0,235.76,United States,NYSE,USD,1.0,USD,-,
HBAN,HUNTINGTON BANCSHARES INC,Financials,Equity,455715684.0,0.05,"455,715,684.00",27029400.0,16.86,United States,NASDAQ,USD,1.0,USD,-,
CBOE,CBOE GLOBAL MARKETS,Financials,Equity,443743836.9,0.05,"443,743,836.90",1413422.0,313.95,United States,Cboe BZX,USD,1.0,USD,-,
GEHC,GE HEALTHCARE TECHNOLOGIES,Health Care,Equity,439608377.76,0.05,"439,608,377.76",6065237.0,72.48,United States,NASDAQ,USD,1.0,USD,-,
JBL,JABIL,Information Technology,Equity,439158973.18,0.05,"439,158,973.18",1406569.0,312.22,United States,NYSE,USD,1.0,USD,-,
CCI,CROWN CASTLE INC,Real Estate,Equity,436659518.97,0.05,"436,659,518.97",5819799.0,75.03,United States,NYSE,USD,1.0,USD,-,
BIIB,BIOGEN,Health Care,Equity,436065056.5,0.05,"436,065,056.50",1968691.0,221.5,United States,NASDAQ,USD,1.0,USD,-,
KR,KROGER,Consumer Staples,Equity,430598594.5,0.05,"430,598,594.50",7563650.0,56.93,United States,NYSE,USD,1.0,USD,-,
CCL,CARNIVAL CORP LTD,Consumer Discretionary,Equity,427980623.4,0.05,"427,980,623.40",17153532.0,24.95,United States,NYSE,USD,1.0,USD,-,
WTW,WILLIS TOWERS WATSON,Financials,Equity,427674862.34,0.05,"427,674,862.34",1259423.0,339.58,United States,NASDAQ,USD,1.0,USD,-,
STLD,STEEL DYNAMICS INC,Materials,Equity,426321364.48,0.05,"426,321,364.48",1807672.0,235.84,United States,NASDAQ,USD,1.0,USD,-,
MLM,MARTIN MARIETTA MATERIALS,Materials,Equity,423245713.13,0.05,"423,245,713.13",800707.0,528.59,United States,NYSE,USD,1.0,USD,-,
ZTS,ZOETIS INC CLASS A,Health Care,Equity,419372527.86,0.05,"419,372,527.86",5590143.0,75.02,United States,NYSE,USD,1.0,USD,-,
CNC,CENTENE CORP,Health Care,Equity,408465372.2,0.05,"408,465,372.20",6252340.0,65.33,United States,NYSE,USD,1.0,USD,-,
RJF,RAYMOND JAMES,Financials,Equity,407311258.53,0.05,"407,311,258.53",2312823.0,176.11,United States,NYSE,USD,1.0,USD,-,
CTSH,COGNIZANT TECHNOLOGY SOLUTIONS CLA,Information Technology,Equity,402852002.56,0.05,"402,852,002.56",6318256.0,63.76,United States,NASDAQ,USD,1.0,USD,-,
EXR,EXTRA SPACE STORAGE REIT,Real Estate,Equity,402247711.82,0.05,"402,247,711.82",2817058.0,142.79,United States,NYSE,USD,1.0,USD,-,
ARES,ARES MANAGEMENT CLASS A,Financials,Equity,400559170.38,0.05,"400,559,170.38",2812718.0,142.41,United States,NYSE,USD,1.0,USD,-,
CFG,CITIZENS FINANCIAL GROUP INC,Financials,Equity,395730212.02,0.04,"395,730,212.02",5638789.0,70.18,United States,NYSE,USD,1.0,USD,-,
HAL,HALLIBURTON,Energy,Equity,395336383.26,0.04,"395,336,383.26",11139374.0,35.49,United States,NYSE,USD,1.0,USD,-,
AEE,AMEREN,Utilities,Equity,393936109.0,0.04,"393,936,109.00",3690268.0,106.75,United States,NYSE,USD,1.0,USD,-,
ON,ON SEMICONDUCTOR CORP,Information Technology,Equity,390884005.6,0.04,"390,884,005.60",5225722.0,74.8,United States,NASDAQ,USD,1.0,USD,-,
TDY,TELEDYNE TECHNOLOGIES INC,Information Technology,Equity,387045435.0,0.04,"387,045,435.00",617790.0,626.5,United States,NYSE,USD,1.0,USD,-,
CPRT,COPART INC,Industrials,Equity,387125018.28,0.04,"387,125,018.28",11817003.0,32.76,United States,NASDAQ,USD,1.0,USD,-,
LYV,LIVE NATION ENTERTAINMENT,Communication,Equity,381156361.12,0.04,"381,156,361.12",2110033.0,180.64,United States,NYSE,USD,1.0,USD,-,
MTD,METTLER TOLEDO,Health Care,Equity,379452980.01,0.04,"379,452,980.01",269607.0,1407.43,United States,NYSE,USD,1.0,USD,-,
EIX,EDISON INTERNATIONAL,Utilities,Equity,378052964.16,0.04,"378,052,964.16",5131012.0,73.68,United States,NYSE,USD,1.0,USD,-,
DTE,DTE ENERGY,Utilities,Equity,377912866.24,0.04,"377,912,866.24",2773876.0,136.24,United States,NYSE,USD,1.0,USD,-,
CASY,CASEYS GENERAL STORES INC,Consumer Staples,Equity,375974573.94,0.04,"375,974,573.94",492513.0,763.38,United States,NASDAQ,USD,1.0,USD,-,
VICI,VICI PPTYS INC,Real Estate,Equity,375513147.09,0.04,"375,513,147.09",14571717.0,25.77,United States,NYSE,USD,1.0,USD,-,
IR,INGERSOLL RAND INC,Industrials,Equity,374983438.13,0.04,"374,983,438.13",4748429.0,78.97,United States,NYSE,USD,1.0,USD,-,
WSM,WILLIAMS SONOMA INC,Consumer Discretionary,Equity,374217910.4,0.04,"374,217,910.40",1569706.0,238.4,United States,NYSE,USD,1.0,USD,-,
FISV,FISERV INC,Financials,Equity,373863990.72,0.04,"373,863,990.72",7110384.0,52.58,United States,NASDAQ,USD,1.0,USD,-,
ATO,ATMOS ENERGY,Utilities,Equity,372178376.82,0.04,"372,178,376.82",2225681.0,167.22,United States,NYSE,USD,1.0,USD,-,
DG,DOLLAR GENERAL CORP,Consumer Staples,Equity,369671956.52,0.04,"369,671,956.52",2936468.0,125.89,United States,NYSE,USD,1.0,USD,-,
LH,LABCORP HOLDINGS,Health Care,Equity,368035432.44,0.04,"368,035,432.44",1093586.0,336.54,United States,NYSE,USD,1.0,USD,-,
OTIS,OTIS WORLDWIDE,Industrials,Equity,365720986.8,0.04,"365,720,986.80",5116410.0,71.48,United States,NYSE,USD,1.0,USD,-,
DOV,DOVER CORP,Industrials,Equity,362345609.8,0.04,"362,345,609.80",1795390.0,201.82,United States,NYSE,USD,1.0,USD,-,
HPQ,HP INC,Information Technology,Equity,361331183.25,0.04,"361,331,183.25",12194775.0,29.63,United States,NYSE,USD,1.0,USD,-,
DGX,QUEST DIAGNOSTICS INC,Health Care,Equity,360239348.49,0.04,"360,239,348.49",1472709.0,244.61,United States,NYSE,USD,1.0,USD,-,
SYF,SYNCHRONY FINANCIAL,Financials,Equity,358519700.53,0.04,"358,519,700.53",4485421.0,79.93,United States,NYSE,USD,1.0,USD,-,
HSY,HERSHEY FOODS,Consumer Staples,Equity,358358490.84,0.04,"358,358,490.84",1976387.0,181.32,United States,NYSE,USD,1.0,USD,-,
FICO,FAIR ISAAC,Information Technology,Equity,357454016.98,0.04,"357,454,016.98",308933.0,1157.06,United States,NYSE,USD,1.0,USD,-,
XYL,XYLEM INC,Industrials,Equity,357019166.7,0.04,"357,019,166.70",3169278.0,112.65,United States,NYSE,USD,1.0,USD,-,
ES,EVERSOURCE ENERGY,Utilities,Equity,356023222.56,0.04,"356,023,222.56",5020068.0,70.92,United States,NYSE,USD,1.0,USD,-,
AWK,AMERICAN WATER WORKS,Utilities,Equity,355962493.71,0.04,"355,962,493.71",2604159.0,136.69,United States,NYSE,USD,1.0,USD,-,
CINF,CINCINNATI FINANCIAL,Financials,Equity,355845790.2,0.04,"355,845,790.20",2062635.0,172.52,United States,NASDAQ,USD,1.0,USD,-,
Q,QNITY ELECTRONICS,Information Technology,Equity,352706277.7,0.04,"352,706,277.70",2791502.0,126.35,United States,NYSE,USD,1.0,USD,-,
CPAY,CORPAY,Financials,Equity,351812937.12,0.04,"351,812,937.12",871536.0,403.67,United States,NYSE,USD,1.0,USD,-,
EL,ESTEE LAUDER INC CLASS A,Consumer Staples,Equity,350224819.75,0.04,"350,224,819.75",3297475.0,106.21,United States,NYSE,USD,1.0,USD,-,
RF,REGIONS FINANCIAL,Financials,Equity,345917587.2,0.04,"345,917,587.20",11378868.0,30.4,United States,NYSE,USD,1.0,USD,-,
PPL,PPL CORP,Utilities,Equity,345487443.0,0.04,"345,487,443.00",10031575.0,34.44,United States,NYSE,USD,1.0,USD,-,
CNP,CENTERPOINT ENERGY,Utilities,Equity,343226988.86,0.04,"343,226,988.86",8735734.0,39.29,United States,NYSE,USD,1.0,USD,-,
SW,SMURFIT WESTROCK PLC,Materials,Equity,339836311.89,0.04,"339,836,311.89",6988203.0,48.63,United States,NYSE,USD,1.0,USD,-,
PPG,PPG INDUSTRIES,Materials,Equity,337277660.65,0.04,"337,277,660.65",2972395.0,113.47,United States,NYSE,USD,1.0,USD,-,
OMC,OMNICOM GROUP INC,Communication,Equity,334021550.5,0.04,"334,021,550.50",3800450.0,87.89,United States,NYSE,USD,1.0,USD,-,
VRSK,VERISK ANALYTICS,Industrials,Equity,333700287.78,0.04,"333,700,287.78",1746939.0,191.02,United States,NASDAQ,USD,1.0,USD,-,
EXPD,EXPEDITORS INTERNATIONAL OF WASHIN,Industrials,Equity,332604427.52,0.04,"332,604,427.52",1743941.0,190.72,United States,NYSE,USD,1.0,USD,-,
TPR,TAPESTRY,Consumer Discretionary,Equity,331981447.2,0.04,"331,981,447.20",2693780.0,123.24,United States,NYSE,USD,1.0,USD,-,
HUBB,HUBBELL INC,Industrials,Equity,331436884.2,0.04,"331,436,884.20",704765.0,470.28,United States,NYSE,USD,1.0,USD,-,
WST,WEST PHARMACEUTICAL SERVICES,Health Care,Equity,326007781.66,0.04,"326,007,781.66",941974.0,346.09,United States,NYSE,USD,1.0,USD,-,
CHD,CHURCH AND DWIGHT INC,Consumer Staples,Equity,323443850.09,0.04,"323,443,850.09",3159557.0,102.37,United States,NYSE,USD,1.0,USD,-,
DRI,DARDEN RESTAURANTS INC,Consumer Discretionary,Equity,322492418.67,0.04,"322,492,418.67",1527459.0,211.13,United States,NYSE,USD,1.0,USD,-,
VLTO,VERALTO CORP,Industrials,Equity,322156142.91,0.04,"322,156,142.91",3274943.0,98.37,United States,NYSE,USD,1.0,USD,-,
NRG,NRG ENERGY INC,Utilities,Equity,321891276.49,0.04,"321,891,276.49",2813489.0,114.41,United States,NYSE,USD,1.0,USD,-,
VRSN,VERISIGN,Information Technology,Equity,321930042.24,0.04,"321,930,042.24",1092288.0,294.73,United States,NASDAQ,USD,1.0,USD,-,
PHM,PULTEGROUP,Consumer Discretionary,Equity,321956787.75,0.04,"321,956,787.75",2540093.0,126.75,United States,NYSE,USD,1.0,USD,-,
TROW,T ROWE PRICE GROUP,Financials,Equity,321045553.84,0.04,"321,045,553.84",2857294.0,112.36,United States,NASDAQ,USD,1.0,USD,-,
FE,FIRSTENERGY CORP,Utilities,Equity,321054411.25,0.04,"321,054,411.25",6941717.0,46.25,United States,NYSE,USD,1.0,USD,-,
ULTA,ULTA BEAUTY INC,Consumer Discretionary,Equity,313598263.0,0.04,"313,598,263.00",580630.0,540.1,United States,NASDAQ,USD,1.0,USD,-,
EXE,EXPAND ENERGY,Energy,Equity,312526802.0,0.04,"312,526,802.00",3189049.0,98.0,United States,NASDAQ,USD,1.0,USD,-,
FFIV,F5 INC,Information Technology,Equity,308654450.64,0.03,"308,654,450.64",752412.0,410.22,United States,NASDAQ,USD,1.0,USD,-,
DLTR,DOLLAR TREE INC,Consumer Staples,Equity,306645691.0,0.03,"306,645,691.00",2414533.0,127.0,United States,NASDAQ,USD,1.0,USD,-,
STE,STERIS,Health Care,Equity,304659295.43,0.03,"304,659,295.43",1307719.0,232.97,United States,NYSE,USD,1.0,USD,-,
EFX,EQUIFAX,Industrials,Equity,302209063.76,0.03,"302,209,063.76",1587566.0,190.36,United States,NYSE,USD,1.0,USD,-,
FSLR,FIRST SOLAR,Information Technology,Equity,300965728.8,0.03,"300,965,728.80",1432488.0,210.1,United States,NASDAQ,USD,1.0,USD,-,
IFF,INTERNATIONAL FLAVORS & FRAGRANCES,Materials,Equity,295632536.4,0.03,"295,632,536.40",3403944.0,86.85,United States,NYSE,USD,1.0,USD,-,
PFG,PRINCIPAL FINANCIAL GROUP INC,Financials,Equity,293986353.0,0.03,"293,986,353.00",2620900.0,112.17,United States,NASDAQ,USD,1.0,USD,-,
DOW,DOW,Materials,Equity,291141066.96,0.03,"291,141,066.96",9599112.0,30.33,United States,NYSE,USD,1.0,USD,-,
SMCI,SUPER MICRO COMPUTER INC,Information Technology,Equity,288600378.6,0.03,"288,600,378.60",7503910.0,38.46,United States,NASDAQ,USD,1.0,USD,-,
GIS,GENERAL MILLS INC,Consumer Staples,Equity,287768047.44,0.03,"287,768,047.44",7115926.0,40.44,United States,NYSE,USD,1.0,USD,-,
PKG,PACKAGING CORP OF AMERICA,Materials,Equity,287643146.85,0.03,"287,643,146.85",1180365.0,243.69,United States,NYSE,USD,1.0,USD,-,
GPN,GLOBAL PAYMENTS INC,Financials,Equity,287513197.18,0.03,"287,513,197.18",3100207.0,92.74,United States,NYSE,USD,1.0,USD,-,
AMCR,AMCOR PLC,Materials,Equity,286797474.72,0.03,"286,797,474.72",6165036.0,46.52,United States,NYSE,USD,1.0,USD,-,
KHC,KRAFT HEINZ,Consumer Staples,Equity,286074944.26,0.03,"286,074,944.26",11383802.0,25.13,United States,NASDAQ,USD,1.0,USD,-,
INCY,INCYTE CORP,Health Care,Equity,285979202.4,0.03,"285,979,202.40",2238760.0,127.74,United States,NASDAQ,USD,1.0,USD,-,
TPL,TEXAS PACIFIC LAND,Energy,Equity,285689335.69,0.03,"285,689,335.69",772739.0,369.71,United States,NYSE,USD,1.0,USD,-,
BR,BROADRIDGE FINANCIAL SOLUTIONS INC,Industrials,Equity,282315584.72,0.03,"282,315,584.72",1542034.0,183.08,United States,NYSE,USD,1.0,USD,-,
IP,INTERNATIONAL PAPER,Materials,Equity,281964919.92,0.03,"281,964,919.92",7070334.0,39.88,United States,NYSE,USD,1.0,USD,-,
CMS,CMS ENERGY,Utilities,Equity,281559486.3,0.03,"281,559,486.30",4119378.0,68.35,United States,NYSE,USD,1.0,USD,-,
FIS,FIDELITY NATIONAL INFORMATION SERV,Financials,Equity,279460340.85,0.03,"279,460,340.85",6891747.0,40.55,United States,NYSE,USD,1.0,USD,-,
BRO,BROWN & BROWN INC,Financials,Equity,277457663.34,0.03,"277,457,663.34",3886506.0,71.39,United States,NYSE,USD,1.0,USD,-,
SNA,SNAP ON INC,Industrials,Equity,273389271.04,0.03,"273,389,271.04",690656.0,395.84,United States,NYSE,USD,1.0,USD,-,
KEY,KEYCORP,Financials,Equity,270595346.34,0.03,"270,595,346.34",12288617.0,22.02,United States,NYSE,USD,1.0,USD,-,
RDDT,REDDIT CLASS A,Communication,Equity,267959673.85,0.03,"267,959,673.85",1740563.0,153.95,United States,NYSE,USD,1.0,USD,-,
WRB,WR BERKLEY,Financials,Equity,267996540.12,0.03,"267,996,540.12",3921518.0,68.34,United States,NYSE,USD,1.0,USD,-,
SBAC,SBA COMMUNICATIONS REIT CORP CLASS,Real Estate,Equity,264445198.08,0.03,"264,445,198.08",1414448.0,186.96,United States,NASDAQ,USD,1.0,USD,-,
VTRS,VIATRIS,Health Care,Equity,262269575.22,0.03,"262,269,575.22",15528098.0,16.89,United States,NASDAQ,USD,1.0,USD,-,
NI,NISOURCE,Utilities,Equity,261856952.32,0.03,"261,856,952.32",6392992.0,40.96,United States,NYSE,USD,1.0,USD,-,
JBHT,JB HUNT TRANSPORT SERVICES,Industrials,Equity,261583407.99,0.03,"261,583,407.99",993141.0,263.39,United States,NASDAQ,USD,1.0,USD,-,
LUV,SOUTHWEST AIRLINES,Industrials,Equity,259123991.28,0.03,"259,123,991.28",6517203.0,39.76,United States,NYSE,USD,1.0,USD,-,
CF,CF INDUSTRIES HOLDINGS INC,Materials,Equity,257490913.03,0.03,"257,490,913.03",2048293.0,125.71,United States,NYSE,USD,1.0,USD,-,
ZBH,ZIMMER BIOMET HOLDINGS,Health Care,Equity,256591549.44,0.03,"256,591,549.44",2579328.0,99.48,United States,NYSE,USD,1.0,USD,-,
CDW,CDW,Information Technology,Equity,253738962.33,0.03,"253,738,962.33",1703289.0,148.97,United States,NASDAQ,USD,1.0,USD,-,
DD,DUPONT DE NEMOURS,Industrials,Equity,252528417.2,0.03,"252,528,417.20",1819369.0,138.8,United States,NYSE,USD,1.0,USD,-,
GPC,GENUINE PARTS,Consumer Discretionary,Equity,250855709.4,0.03,"250,855,709.40",1835082.0,136.7,United States,NYSE,USD,1.0,USD,-,
EVRG,EVERGY,Utilities,Equity,250256257.32,0.03,"250,256,257.32",3073646.0,81.42,United States,NASDAQ,USD,1.0,USD,-,
L,LOEWS,Financials,Equity,247072047.62,0.03,"247,072,047.62",2249791.0,109.82,United States,NYSE,USD,1.0,USD,-,
PTC,PTC,Information Technology,Equity,244792695.95,0.03,"244,792,695.95",1540061.0,158.95,United States,NASDAQ,USD,1.0,USD,-,
STZ,CONSTELLATION BRANDS CLASS A,Consumer Staples,Equity,244395399.3,0.03,"244,395,399.30",1859510.0,131.43,United States,NYSE,USD,1.0,USD,-,
LEN,LENNAR A CORP CLASS A,Consumer Discretionary,Equity,244263572.25,0.03,"244,263,572.25",2869975.0,85.11,United States,NYSE,USD,1.0,USD,-,
FTV,FORTIVE,Industrials,Equity,243566650.88,0.03,"243,566,650.88",4064864.0,59.92,United States,NYSE,USD,1.0,USD,-,
TSCO,TRACTOR SUPPLY,Consumer Discretionary,Equity,242659320.8,0.03,"242,659,320.80",6993064.0,34.7,United States,NASDAQ,USD,1.0,USD,-,
ESS,ESSEX PROPERTY TRUST REIT,Real Estate,Equity,240516142.36,0.03,"240,516,142.36",856661.0,280.76,United States,NYSE,USD,1.0,USD,-,
CHRW,CH ROBINSON WORLDWIDE,Industrials,Equity,237592684.56,0.03,"237,592,684.56",1572004.0,151.14,United States,NASDAQ,USD,1.0,USD,-,
J,JACOBS SOLUTIONS INC,Industrials,Equity,236921193.26,0.03,"236,921,193.26",1572973.0,150.62,United States,NYSE,USD,1.0,USD,-,
LNT,ALLIANT ENERGY CORP,Utilities,Equity,234773022.15,0.03,"234,773,022.15",3441915.0,68.21,United States,NASDAQ,USD,1.0,USD,-,
LDOS,LEIDOS HOLDINGS,Industrials,Equity,234564240.96,0.03,"234,564,240.96",1677136.0,139.86,United States,NYSE,USD,1.0,USD,-,
NDSN,NORDSON,Industrials,Equity,234271112.4,0.03,"234,271,112.40",708110.0,330.84,United States,NASDAQ,USD,1.0,USD,-,
IEX,IDEX,Industrials,Equity,230913926.08,0.03,"230,913,926.08",986896.0,233.98,United States,NYSE,USD,1.0,USD,-,
NVR,NVR,Consumer Discretionary,Equity,230760293.4,0.03,"230,760,293.40",36252.0,6365.45,United States,NYSE,USD,1.0,USD,-,
ZBRA,ZEBRA TECHNOLOGIES CORP CLASS A,Information Technology,Equity,229422210.75,0.03,"229,422,210.75",635325.0,361.11,United States,NASDAQ,USD,1.0,USD,-,
WY,WEYERHAEUSER REIT,Real Estate,Equity,227857748.7,0.03,"227,857,748.70",9614251.0,23.7,United States,NYSE,USD,1.0,USD,-,
CHTR,CHARTER COMMUNICATIONS CLASS A,Communication,Equity,226292120.64,0.03,"226,292,120.64",1525702.0,148.32,United States,NASDAQ,USD,1.0,USD,-,
BALL,BALL CORP,Materials,Equity,224979976.2,0.03,"224,979,976.20",3550260.0,63.37,United States,NYSE,USD,1.0,USD,-,
GEN,GEN DIGITAL,Information Technology,Equity,224820014.0,0.03,"224,820,014.00",7371148.0,30.5,United States,NASDAQ,USD,1.0,USD,-,
BBY,BEST BUY,Consumer Discretionary,Equity,217861726.44,0.02,"217,861,726.44",2607249.0,83.56,United States,NYSE,USD,1.0,USD,-,
LYB,LYONDELLBASELL INDUSTRIES CLASS A,Materials,Equity,217406475.78,0.02,"217,406,475.78",3447613.0,63.06,United States,NYSE,USD,1.0,USD,-,
AKAM,AKAMAI TECHNOLOGIES INC,Information Technology,Equity,215677896.48,0.02,"215,677,896.48",1938852.0,111.24,United States,NASDAQ,USD,1.0,USD,-,
KIM,KIMCO REALTY REIT CORP,Real Estate,Equity,214105615.36,0.02,"214,105,615.36",8992256.0,23.81,United States,NYSE,USD,1.0,USD,-,
ALB,ALBEMARLE CORP,Materials,Equity,213540277.93,0.02,"213,540,277.93",1572809.0,135.77,United States,NYSE,USD,1.0,USD,-,
INVH,INVITATION HOMES,Real Estate,Equity,213011608.13,0.02,"213,011,608.13",7287431.0,29.23,United States,NYSE,USD,1.0,USD,-,
TSN,TYSON FOODS INC CLASS A,Consumer Staples,Equity,208214024.85,0.02,"208,214,024.85",3761771.0,55.35,United States,NYSE,USD,1.0,USD,-,
TYL,TYLER TECHNOLOGIES,Information Technology,Equity,208075994.0,0.02,"208,075,994.00",562550.0,369.88,United States,NYSE,USD,1.0,USD,-,
SWK,STANLEY BLACK & DECKER INC,Industrials,Equity,205841920.92,0.02,"205,841,920.92",2074183.0,99.24,United States,NYSE,USD,1.0,USD,-,
BG,BUNGE GLOBAL SA,Consumer Staples,Equity,202013997.36,0.02,"202,013,997.36",1810648.0,111.57,United States,NYSE,USD,1.0,USD,-,
MAA,MID AMERICA APARTMENT COMMUNITIES,Real Estate,Equity,199892511.99,0.02,"199,892,511.99",1552081.0,128.79,United States,NYSE,USD,1.0,USD,-,
APA,APA,Energy,Equity,199730837.28,0.02,"199,730,837.28",4712856.0,42.38,United States,NASDAQ,USD,1.0,USD,-,
EG,EVEREST GROUP,Financials,Equity,199271543.68,0.02,"199,271,543.68",527648.0,377.66,United States,NYSE,USD,1.0,USD,-,
IVZ,INVESCO LTD,Financials,Equity,196898141.42,0.02,"196,898,141.42",5911082.0,33.31,United States,NYSE,USD,1.0,USD,-,
MAS,MASCO,Industrials,Equity,195786465.76,0.02,"195,786,465.76",2689744.0,72.79,United States,NYSE,USD,1.0,USD,-,
DOC,HEALTHPEAK PROPERTIES INC,Real Estate,Equity,195071767.72,0.02,"195,071,767.72",9192826.0,21.22,United States,NYSE,USD,1.0,USD,-,
AIZ,ASSURANT INC,Financials,Equity,193861317.58,0.02,"193,861,317.58",679238.0,285.41,United States,NYSE,USD,1.0,USD,-,
RVTY,REVVITY,Health Care,Equity,192959838.75,0.02,"192,959,838.75",1487625.0,129.71,United States,NYSE,USD,1.0,USD,-,
FDXF,FEDEX FREIGHT HOLDING COMPANY INC,Industrials,Equity,192822877.0,0.02,"192,822,877.00",1447076.0,133.25,United States,NYSE,USD,1.0,USD,-,
TRMB,TRIMBLE INC,Information Technology,Equity,191303244.0,0.02,"191,303,244.00",3108600.0,61.54,United States,NASDAQ,USD,1.0,USD,-,
TXT,TEXTRON INC,Industrials,Equity,190934568.9,0.02,"190,934,568.90",2318574.0,82.35,United States,NYSE,USD,1.0,USD,-,
CRL,CHARLES RIVER LABORATORIES INTERNA,Health Care,Equity,190374954.29,0.02,"190,374,954.29",642269.0,296.41,United States,NYSE,USD,1.0,USD,-,
HST,HOST HOTELS & RESORTS REIT,Real Estate,Equity,189727521.18,0.02,"189,727,521.18",8492727.0,22.34,United States,NASDAQ,USD,1.0,USD,-,
SJM,JM SMUCKER,Consumer Staples,Equity,187481885.44,0.02,"187,481,885.44",1422041.0,131.84,United States,NYSE,USD,1.0,USD,-,
MKC,MCCORMICK & CO NON-VOTING,Consumer Staples,Equity,185063491.8,0.02,"185,063,491.80",3393170.0,54.54,United States,NYSE,USD,1.0,USD,-,
COO,COOPER,Health Care,Equity,184593924.8,0.02,"184,593,924.80",2601380.0,70.96,United States,NASDAQ,USD,1.0,USD,-,
ALLE,ALLEGION PLC,Industrials,Equity,183022029.96,0.02,"183,022,029.96",1145893.0,159.72,United States,NYSE,USD,1.0,USD,-,
GL,GLOBE LIFE,Financials,Equity,181972905.18,0.02,"181,972,905.18",1035231.0,175.78,United States,NYSE,USD,1.0,USD,-,
AVY,AVERY DENNISON CORP,Materials,Equity,181840635.86,0.02,"181,840,635.86",1019629.0,178.34,United States,NYSE,USD,1.0,USD,-,
RL,RALPH LAUREN CLASS A,Consumer Discretionary,Equity,181276358.4,0.02,"181,276,358.40",515136.0,351.9,United States,NYSE,USD,1.0,USD,-,
FOXA,FOX CLASS A,Communication,Equity,178797940.24,0.02,"178,797,940.24",2659892.0,67.22,United States,NASDAQ,USD,1.0,USD,-,
BAX,BAXTER INTERNATIONAL,Health Care,Equity,178550323.87,0.02,"178,550,323.87",6885859.0,25.93,United States,NYSE,USD,1.0,USD,-,
SOLV,SOLVENTUM,Health Care,Equity,178495862.79,0.02,"178,495,862.79",1963003.0,90.93,United States,NYSE,USD,1.0,USD,-,
LVS,LAS VEGAS SANDS,Consumer Discretionary,Equity,175880676.72,0.02,"175,880,676.72",3975603.0,44.24,United States,NYSE,USD,1.0,USD,-,
IT,GARTNER,Information Technology,Equity,175521137.8,0.02,"175,521,137.80",892783.0,196.6,United States,NYSE,USD,1.0,USD,-,
GDDY,GODADDY CLASS A,Information Technology,Equity,171224396.72,0.02,"171,224,396.72",1765564.0,96.98,United States,NYSE,USD,1.0,USD,-,
CSGP,COSTAR GROUP,Real Estate,Equity,170638809.74,0.02,"170,638,809.74",5444761.0,31.34,United States,NASDAQ,USD,1.0,USD,-,
HAS,HASBRO,Consumer Discretionary,Equity,167996588.76,0.02,"167,996,588.76",1783782.0,94.18,United States,NASDAQ,USD,1.0,USD,-,
CLX,CLOROX,Consumer Staples,Equity,167706708.86,0.02,"167,706,708.86",1618322.0,103.63,United States,NYSE,USD,1.0,USD,-,
REG,REGENCY CENTERS REIT CORP,Real Estate,Equity,166360625.2,0.02,"166,360,625.20",2204620.0,75.46,United States,NASDAQ,USD,1.0,USD,-,
LII,LENNOX INTERNATIONAL INC,Industrials,Equity,165068820.35,0.02,"165,068,820.35",422009.0,391.15,United States,NYSE,USD,1.0,USD,-,
DECK,DECKERS OUTDOOR,Consumer Discretionary,Equity,163955173.44,0.02,"163,955,173.44",1899168.0,86.33,United States,NYSE,USD,1.0,USD,-,
JKHY,JACK HENRY AND ASSOCIATES INC,Financials,Equity,160683856.2,0.02,"160,683,856.20",947205.0,169.64,United States,NASDAQ,USD,1.0,USD,-,
LULU,LULULEMON ATHLETICA,Consumer Discretionary,Equity,160581400.0,0.02,"160,581,400.00",1396360.0,115.0,United States,NASDAQ,USD,1.0,USD,-,
PNW,PINNACLE WEST,Utilities,Equity,158153727.03,0.02,"158,153,727.03",1615627.0,97.89,United States,NYSE,USD,1.0,USD,-,
ECHO,ECHOSTAR CLASS A,Communication,Equity,157117114.11,0.02,"157,117,114.11",1817013.0,86.47,United States,NASDAQ,USD,1.0,USD,-,
HII,HUNTINGTON INGALLS INDUSTRIES,Industrials,Equity,156120654.34,0.02,"156,120,654.34",525146.0,297.29,United States,NYSE,USD,1.0,USD,-,
GNRC,GENERAC HOLDINGS,Industrials,Equity,154964192.56,0.02,"154,964,192.56",785464.0,197.29,United States,NYSE,USD,1.0,USD,-,
TKO,TKO GROUP HOLDINGS INC CLASS A,Communication,Equity,154830852.8,0.02,"154,830,852.80",839920.0,184.34,United States,NYSE,USD,1.0,USD,-,
TECH,BIO TECHNE,Health Care,Equity,151796459.17,0.02,"151,796,459.17",2094611.0,72.47,United States,NASDAQ,USD,1.0,USD,-,
NWSA,NEWS CLASS A,Communication,Equity,151752325.04,0.02,"151,752,325.04",4865416.0,31.19,United States,NASDAQ,USD,1.0,USD,-,
FDS,FACTSET RESEARCH SYSTEMS,Financials,Equity,147868900.2,0.02,"147,868,900.20",485660.0,304.47,United States,NYSE,USD,1.0,USD,-,
UDR,UDR REIT,Real Estate,Equity,146190384.36,0.02,"146,190,384.36",3942567.0,37.08,United States,NYSE,USD,1.0,USD,-,
BEN,FRANKLIN TEMPLETON,Financials,Equity,142339320.02,0.02,"142,339,320.02",4087861.0,34.82,United States,NYSE,USD,1.0,USD,-,
CPT,CAMDEN PROPERTY TRUST REIT,Real Estate,Equity,141765264.77,0.02,"141,765,264.77",1340063.0,105.79,United States,NYSE,USD,1.0,USD,-,
ROL,ROLLINS INC,Industrials,Equity,141225583.08,0.02,"141,225,583.08",3929482.0,35.94,United States,NYSE,USD,1.0,USD,-,
ALGN,ALIGN TECHNOLOGY,Health Care,Equity,141093759.84,0.02,"141,093,759.84",888276.0,158.84,United States,NASDAQ,USD,1.0,USD,-,
AES,AES,Utilities,Equity,140571335.0,0.02,"140,571,335.00",9530260.0,14.75,United States,NYSE,USD,1.0,USD,-,
BXP,BXP,Real Estate,Equity,138144429.86,0.02,"138,144,429.86",1974338.0,69.97,United States,NYSE,USD,1.0,USD,-,
SWKS,SKYWORKS SOLUTIONS,Information Technology,Equity,135528724.16,0.02,"135,528,724.16",2012006.0,67.36,United States,NASDAQ,USD,1.0,USD,-,
DPZ,DOMINOS PIZZA,Consumer Discretionary,Equity,135531900.85,0.02,"135,531,900.85",408161.0,332.06,United States,NASDAQ,USD,1.0,USD,-,
PNR,PENTAIR,Industrials,Equity,133817985.9,0.02,"133,817,985.90",2154879.0,62.1,United States,NYSE,USD,1.0,USD,-,
PODD,INSULET,Health Care,Equity,132426801.74,0.01,"132,426,801.74",923414.0,143.41,United States,NASDAQ,USD,1.0,USD,-,
APTV,APTIV PLC,Consumer Discretionary,Equity,128219456.64,0.01,"128,219,456.64",2821731.0,45.44,United States,NYSE,USD,1.0,USD,-,
FRT,FEDERAL REALTY INVESTMENT TRUST RE,Real Estate,Equity,122835918.16,0.01,"122,835,918.16",1050598.0,116.92,United States,NYSE,USD,1.0,USD,-,
UHS,UNIVERSAL HEALTH SERVICES INC CLAS,Health Care,Equity,122627236.74,0.01,"122,627,236.74",710553.0,172.58,United States,NYSE,USD,1.0,USD,-,
HSIC,HENRY SCHEIN,Health Care,Equity,116546243.76,0.01,"116,546,243.76",1290942.0,90.28,United States,NASDAQ,USD,1.0,USD,-,
FOX,FOX CLASS B,Communication,Equity,111988304.4,0.01,"111,988,304.40",1854111.0,60.4,United States,NASDAQ,USD,1.0,USD,-,
MGM,MGM RESORTS INTERNATIONAL,Consumer Discretionary,Equity,110288348.92,0.01,"110,288,348.92",2566636.0,42.97,United States,NYSE,USD,1.0,USD,-,
ARE,ALEXANDRIA REAL ESTATE EQUITIES RE,Real Estate,Equity,108971700.08,0.01,"108,971,700.08",2084386.0,52.28,United States,NYSE,USD,1.0,USD,-,
WYNN,WYNN RESORTS,Consumer Discretionary,Equity,104693236.78,0.01,"104,693,236.78",1118398.0,93.61,United States,NASDAQ,USD,1.0,USD,-,
NCLH,NORWEGIAN CRUISE LINE HOLDINGS,Consumer Discretionary,Equity,101370178.35,0.01,"101,370,178.35",6088299.0,16.65,United States,NYSE,USD,1.0,USD,-,
MOS,MOSAIC,Materials,Equity,101006611.2,0.01,"101,006,611.20",4251120.0,23.76,United States,NYSE,USD,1.0,USD,-,
BLDR,BUILDERS FIRSTSOURCE INC,Industrials,Equity,96411938.48,0.01,"96,411,938.48",1434488.0,67.21,United States,NYSE,USD,1.0,USD,-,
AOS,A O SMITH,Industrials,Equity,92484039.9,0.01,"92,484,039.90",1492882.0,61.95,United States,NYSE,USD,1.0,USD,-,
TAP,MOLSON COORS BREWING CLASS B,Consumer Staples,Equity,89111989.8,0.01,"89,111,989.80",2139030.0,41.66,United States,NYSE,USD,1.0,USD,-,
ERIE,ERIE INDEMNITY CLASS A,Financials,Equity,88133584.08,0.01,"88,133,584.08",339707.0,259.44,United States,NASDAQ,USD,1.0,USD,-,
HRL,HORMEL FOODS CORP,Consumer Staples,Equity,83062692.16,0.01,"83,062,692.16",3903322.0,21.28,United States,NYSE,USD,1.0,USD,-,
DVA,DAVITA INC,Health Care,Equity,76601245.76,0.01,"76,601,245.76",428227.0,178.88,United States,NYSE,USD,1.0,USD,-,
TTD,TRADE DESK INC CLASS A,Communication,Equity,76406206.36,0.01,"76,406,206.36",5693458.0,13.42,United States,NASDAQ,USD,1.0,USD,-,
BFB,BROWN FORMAN CLASS B,Consumer Staples,Equity,61240244.56,0.01,"61,240,244.56",2244877.0,27.28,United States,NYSE,USD,1.0,USD,-,
NWS,NEWS CLASS B,Communication,Equity,56741827.24,0.01,"56,741,827.24",1606507.0,35.32,United States,NASDAQ,USD,1.0,USD,-,
PSKY,PARAMOUNT SKYDANCE CORP CLASS B,Communication,Equity,45072730.8,0.01,"45,072,730.80",4173401.0,10.8,United States,NASDAQ,USD,1.0,USD,-,
HOLX,HOLOGIC INC,Health Care,Equity,28433.88,0.0,"28,433.88",2843388.0,0.01,United States,NO MARKET (E.G. UNLISTED),USD,1.0,USD,-,
